title,company_name,location_city,location_state,location_zip,compensation_pay,description_all
x,x,ALEXANDRIA,VA,22336,103873,x
x,x,SAN JOSE,CA,95125,100530,x
x,x,AUSTIN,TX,78722,118020,x
x,x,WESTLAKE,TX,,103930,x
x,x,CLEMSON,SC,29632,77184,x
x,x,ENGLEWOOD,CO,80111,27240,x
x,x,FOSTER CITY,CA,,106610,x
x,x,SALT LAKE CITY,UT,84123,47312,x
x,x,DENVER,CO,80249,93136,x
x,x,SAN FRANCISCO,CA,94121,115941,x
x,x,NEW YORK,NY,10015,121110,x
x,x,PLANO,TX,75026,81460,x
x,x,HARTFORD,CT,6103,115139,x
x,x,BOSTON,MA,2127,102730,x
x,x,SEATTLE,WA,98118,81495,x
x,x,DES MOINES,IA,50301,38036,x
x,x,HOPKINTON,MA,1748,135930,x
x,x,BOSTON,MA,2127,110367,x
x,x,MONTGOMERY,AL,36111,50911,x
x,x,NEW YORK,NY,10015,98613,x
x,x,NEW YORK,NY,10015,121110,x
x,x,DES MOINES,IA,50316,64734,x
x,x,BOSTON,MA,2127,135930,x
x,x,SAN FRANCISCO,CA,94121,105120,x
x,x,PLANO,TX,75025,88373,x
x,x,NEW YORK,NY,10015,121110,x
x,x,SEATTLE,WA,98118,111710,x
x,x,ALEXANDRIA,VA,22336,63050,x
x,x,BRENTWOOD,MD,20722,71090,x
x,x,CAMBRIDGE,MA,2140,50911,x
x,x,OAKLAND,CA,94601,92926,x
x,x,ANDREWS AFB,MD,,71090,x
x,x,MENLO PARK,CA,94025,127548,x
x,x,REDWOOD CITY,CA,,127548,x
x,x,ASHBURN,VA,20148,124984,x
x,x,SAN JOSE,CA,95125,106610,x
x,x,SALT LAKE CITY,UT,84107,47312,x
x,x,DENVER,CO,80231,50911,x
x,x,SAN FRANCISCO,CA,94112,,x
x,x,,NY,,,x
x,x,BELTSVILLE,MD,20705,71090,x
x,x,PALO ALTO,CA,94306,50911,x
x,x,EL PASO,TX,79901,50911,x
x,x,GROTON,CT,6349,85950,x
x,x,CAMBRIDGE,MA,2238,50911,x
x,x,OAKLAND,CA,94601,131789,x
x,x,RALEIGH,NC,27601,112400,x
x,x,NEW YORK,NY,10015,99610,x
x,x,MENLO PARK,CA,94025,50911,x
x,x,NEW YORK,NY,10075,121110,x
x,x,HOPKINTON,MA,1748,135930,x
x,x,CHICAGO,IL,60606,86980,x
x,x,SAN FRANCISCO,CA,94121,136711,x
x,x,PITTSBURGH,PA,15213,87490,x
x,x,BOSTON,MA,2127,80320,x
x,x,DALLAS,TX,75214,88373,x
x,x,BOSTON,MA,2108,162626,x
x,x,OKLAHOMA CITY,OK,73102,82480,x
x,x,ARLINGTON,VA,22209,111840,x
x,x,INDIANAPOLIS,IN,46202,142460,x
x,x,DALLAS,TX,75214,81460,x
x,x,NON,OK,,72539,x
x,x,REDWOOD CITY,CA,,127548,x
x,x,WESTLAKE,TX,76262,141199,x
x,x,SUNNYVALE,CA,94087,75870,x
x,x,SAN BRUNO,CA,94066,106610,x
x,x,DALLAS,TX,75201,118020,x
x,x,SAN JOSE,CA,95115,106610,x
x,x,RESTON,VA,20191,156000,x
x,x,SEATTLE,WA,98118,90630,x
x,x,CHICAGO,IL,60624,,x
x,x,NEW YORK,NY,,121110,x
x,x,REDMOND,WA,98052,115637,x
x,x,SANTA CLARA,CA,95054,80861,x
x,x,ALEXANDRIA,VA,22336,103873,x
x,x,KANSAS CITY,MO,64132,50911,x
x,x,ASHBURN,VA,20146,124984,x
x,x,SKILLMAN,NJ,8558,50911,x
x,x,NEW YORK,NY,10015,173446,x
x,x,CARLSBAD,CA,92008,106610,x
x,x,,VA,,63050,x
x,x,NEW YORK CITY,NY,10001,50911,x
x,x,GREENBELT,MD,20770,71090,x
x,x,ST LOUIS,MO,63108,85444,x
x,x,CAMBRIDGE,MA,2139,96672,x
x,x,BEAVERTON,OR,97006,121950,x
x,x,CHARLOTTE,NC,28269,87526,x
x,x,DULLES,VA,20189,101050,x
x,x,PALO ALTO,CA,94306,99760,x
x,x,PENNINGTON,NJ,8534,50911,x
x,x,SAN FRANCISCO,CA,94107,106610,x
x,x,WASHINGTON,DC,20404,121920,x
x,x,SEATTLE,WA,98118,90630,x
x,x,SAN FRANCISCO,CA,94103,99760,x
x,x,CHESTERFIELD,MO,63006,85444,x
x,x,,NY,,102920,x
x,x,STAMFORD,CT,6903,50911,x
x,x,WALNUT CREEK,CA,94596,127548,x
x,x,CHICAGO,IL,60624,86980,x
x,x,SAN MATEO,CA,94404,106610,x
x,x,SAN FRANCISCO,CA,94105,106610,x
x,x,CHICAGO,IL,60624,85368,x
x,x,COLUMBIA,MD,21046,123170,x
x,x,NEW YORK,NY,10015,50911,x
x,x,ATLANTA,GA,30318,91604,x
x,x,IRVINE,CA,92604,90120,x
x,x,BLADENSBURG,MD,20710,71090,x
x,x,SAN FRANCISCO,CA,,99760,x
x,x,MOUNTAIN VIEW,CA,94043,106610,x
x,x,NEW YORK,NY,10015,121110,x
x,x,CHANTILLY,VA,20151,101050,x
x,x,SAN FRANCISCO,CA,94108,123430,x
x,x,SANTA CLARA,CA,95054,106610,x
x,x,SAN FRANCISCO,CA,94121,105120,x
x,x,REDWOOD CITY,CA,,106610,x
x,x,LOS ANGELES,CA,90001,50911,x
x,x,,CA,,113432,x
x,x,DUBLIN,CA,94568,106610,x
x,x,MENTOR,OH,44060,86138,x
x,x,SAN JOSE,CA,95110,106610,x
x,x,SALT LAKE CITY,UT,84106,50911,x
x,x,SANTA MONICA,CA,90405,106610,x
x,x,SAN JOSE,CA,95125,106610,x
x,x,SAN FRANCISCO,CA,94112,122500,x
x,x,SANTA CLARA,CA,95054,106610,x
x,x,MONTREAL,QC,,50911,x
x,x,SAN FRANCISCO,CA,94105,106610,x
x,x,SANTA MONICA,CA,90405,109584,x
x,x,PITTSBURGH,PA,15213,100275,x
x,x,ALPHARETTA,GA,30022,,x
x,x,UNION CITY,NJ,7087,110690,x
x,x,NEW YORK,NY,10015,99610,x
x,x,DULLES TOWN CENTER,VA,,111840,x
x,x,BOSTON,MA,2108,50911,x
x,x,PORTLAND,OR,97204,80649,x
x,x,AUBURN HILLS,MI,,120000,x
x,x,PLANO,TX,75025,103552,x
x,x,SAN MATEO,CA,94403,105370,x
x,x,SANTA CLARA,CA,95054,,x
x,x,HOUSTON,TX,77021,88373,x
x,x,BOCA RATON,FL,33498,78555,x
x,x,,CA,,50911,x
x,x,MOUNTAIN VIEW,CA,94035,56600,x
x,x,PALO ALTO,CA,94306,105120,x
x,x,MENLO PARK,CA,94025,25386,x
x,x,SAN DIEGO,CA,92119,99760,x
x,x,,CA,,77330,x
x,x,MENLO PARK,CA,94025,136291,x
x,x,SMITHFIELD,RI,2917,50911,x
x,x,STAMFORD,CT,6905,50911,x
x,x,RALEIGH,NC,27604,112400,x
x,x,SAN FRANCISCO,CA,94121,115941,x
x,x,SANTA CLARA,CA,95054,89925,x
x,x,COLLEGE PARK,MD,20742,71090,x
x,x,SUNNYVALE,CA,94089,106610,x
x,x,DALLAS,TX,75201,50911,x
x,x,CAMBRIDGE,MA,2140,102730,x
x,x,SAN FRANCISCO,CA,94121,72987,x
x,x,CLEMSON,SC,29632,77184,x
x,x,BOSTON,MA,2127,135930,x
x,x,SEATTLE,WA,98118,90630,x
x,x,NEW YORK,NY,10075,200000,x
x,x,SAN MATEO,CA,,105120,x
x,x,ATLANTA,GA,30318,150614,x
x,x,NEW YORK,NY,10015,50911,x
x,x,WASHINGTON,DC,20505,,x
x,x,BOSTON,MA,2121,162626,x
x,x,BRISBANE,CA,94005,106610,x
x,x,SEATTLE,WA,98118,111710,x
x,x,REDMOND,WA,98052,69790,x
x,x,NEW YORK,NY,10075,121110,x
x,x,PALO ALTO,CA,94306,106610,x
x,x,WAYNE,PA,19087,76647,x
x,x,BOSTON,MA,2127,102730,x
x,x,RESTON,VA,20191,101050,x
x,x,PHILADELPHIA,PA,19107,124921,x
x,x,AUSTIN,TX,73301,141199,x
x,x,NORCROSS,GA,30092,102500,x
x,x,,MD,,104740,x
x,x,PLEASANTON,CA,94588,106610,x
x,x,MENLO PARK,CA,94025,25386,x
x,x,DETROIT,MI,48210,76819,x
x,x,ST LOUIS,MO,,85444,x
x,x,MILWAUKEE,WI,53211,,x
x,x,DRAPER,UT,84020,50911,x
x,x,AUSTIN,TX,78722,118020,x
x,x,ATLANTA,GA,,,x
x,x,SANTA CLARA,CA,95054,105233,x
x,x,SAN FRANCISCO,CA,94121,105120,x
x,x,STAMFORD,CT,6903,95058,x
x,x,NEW YORK,NY,10015,144895,x
x,x,LAS VEGAS,NV,89107,50911,x
x,x,HEADQUARTERS,BC,,50911,x
x,x,ALPHARETTA,GA,30022,125890,x
x,x,BOCA RATON,FL,33487,149010,x
x,x,BROOMFIELD,CO,,70539,x
x,x,DALLAS,TX,75214,91403,x
x,x,SEATTLE,WA,98116,111710,x
x,x,HOUSTON,TX,77008,91403,x
x,x,SAN JOSE,CA,95125,106610,x
x,x,SEATTLE,WA,98194,90292,x
x,x,BELLEVUE,WA,98004,50911,x
x,x,SANTA CRUZ,CA,95064,89925,x
x,x,SAN FRANCISCO,CA,94121,95150,x
x,x,PHILADELPHIA,PA,19170,113257,x
x,x,IRVINE,CA,92604,105120,x
x,x,MOUNTAIN VIEW,CA,94041,47035,x
x,x,PALO ALTO,CA,94306,89925,x
x,x,GOLDEN VALLEY,MN,55427,50911,x
x,x,ARLINGTON,VA,,111840,x
x,x,INDIANAPOLIS,IN,46202,142460,x
x,x,SAN MATEO,CA,94497,50911,x
x,x,MONTGOMERY,AL,36111,50911,x
x,x,SAN FRANCISCO,CA,94103,99760,x
x,x,SEATTLE,WA,98118,90630,x
x,x,CHARLOTTE,NC,28269,87526,x
x,x,WALTHAM,MA,2451,113128,x
x,x,MENLO PARK,CA,94025,136291,x
x,x,HOPKINTON,MA,1748,135930,x
x,x,ST LOUIS,MO,63105,68116,x
x,x,SAN FRANCISCO,CA,94111,123500,x
x,x,RICHLAND,WA,99352,90292,x
x,x,,NC,,112400,x
x,x,ALEXANDRIA,VA,22333,96660,x
x,x,MELBOURNE,FL,32935,90824,x
x,x,CHICAGO,IL,60603,109310,x
x,x,LOS ANGELES,CA,90006,99760,x
x,x,WILMINGTON,DE,19804,80681,x
x,x,NEW YORK,NY,,121110,x
x,x,CHARLOTTE,NC,28269,87526,x
x,x,INDIANAPOLIS,IN,46202,50911,x
x,x,RALEIGH,NC,27628,50911,x
x,x,BENTONVILLE,AR,72712,50911,x
x,x,SAN FRANCISCO,CA,94121,106610,x
x,x,CHICAGO,IL,60655,85368,x
x,x,IRVING,TX,75038,50911,x
x,x,IRVINE,CA,92604,105120,x
x,x,CHICAGO,IL,60290,130778,x
x,x,SUNNYVALE,CA,94089,106610,x
x,x,LANDOVER,MD,,71090,x
x,x,SAN BRUNO,CA,94066,99760,x
x,x,MENLO PARK,CA,94025,136291,x
x,x,ATLANTA,GA,30318,91604,x
x,x,CABIN JOHN,MD,20818,71090,x
x,x,MENOMONEE FALLS,WI,53051,50911,x
x,x,,NC,,112400,x
x,x,SAN DIEGO,CA,92119,106610,x
x,x,,CA,,106610,x
x,x,AUSTIN,TX,,93030,x
x,x,SEATTLE,WA,98194,111710,x
x,x,BRISBANE,CA,94005,,x
x,x,CHEVY CHASE,MD,20825,106219,x
x,x,MONTVALE,NJ,7645,110690,x
x,x,PLANO,TX,75025,88373,x
x,x,MCLEAN,VA,,114247,x
x,x,SAN BRUNO,CA,94066,,x
x,x,SEATTLE,WA,98118,90630,x
x,x,AUSTIN,TX,78722,129510,x
x,x,CHESTERFIELD,MO,63006,85444,x
x,x,SAN BRUNO,CA,94066,106610,x
x,x,DUBUQUE,IA,52001,111359,x
x,x,INDIANAPOLIS,IN,46202,142460,x
x,x,ANNAPOLIS JUNCTION,MD,,123170,x
x,x,BOSTON,MA,2127,102730,x
x,x,REDWOOD CITY,CA,94061,106610,x
x,x,FORT GEORGE G MEADE,MD,20755,104740,x
x,x,ROSELAND,NJ,7068,84565,x
x,x,ATLANTA,GA,30318,86381,x
x,x,RADNOR,PA,,109058,x
x,x,SAN FRANCISCO,CA,94121,115941,x
x,x,DALLAS,TX,75214,88373,x
x,x,BENTONVILLE,AR,72712,,x
x,x,NEW YORK,NY,10015,121110,x
x,x,HARTFORD,CT,6112,50911,x
x,x,SAN FRANCISCO,CA,94121,106610,x
x,x,CUPERTINO,CA,95014,106610,x
x,x,PHILADELPHIA,PA,19170,97640,x
x,x,SANTA MONICA,CA,90404,106610,x
x,x,ATLANTA,GA,30332,200000,x
x,x,MCLEAN,VA,,104863,x
x,x,SAN FRANCISCO,CA,94111,106610,x
x,x,BELLEVUE,WA,98006,50911,x
x,x,CHICAGO,IL,60624,109310,x
x,x,ATLANTA,GA,30332,91519,x
x,x,NEW YORK,NY,10015,50911,x
x,x,,CA,,89925,x
x,x,SAN JOSE,CA,95125,106610,x
x,x,NEW YORK,NY,10075,,x
x,x,MENLO PARK,CA,94025,136291,x
x,x,BETHESDA,MD,20817,71090,x
x,x,SANTA CLARA,CA,95050,105233,x
x,x,PALO ALTO,CA,94306,50911,x
x,x,,VA,,,x
x,x,MADISON,WI,53717,50911,x
x,x,INDIANAPOLIS,IN,46202,142460,x
x,x,LONGMONT,CO,80503,50911,x
x,x,BOCA RATON,FL,33434,78555,x
x,x,SAN BRUNO,CA,94066,56600,x
x,x,JACKSONVILLE,FL,,149010,x
x,x,MOUNTAIN VIEW,CA,94041,106610,x
x,x,BRISBANE,CA,94005,106610,x
x,x,NEW YORK CITY,NY,10003,144895,x
x,x,SANTA CLARA,CA,95054,81358,x
x,x,SAN BRUNO,CA,94066,,x
x,x,STAMFORD,CT,6903,50911,x
x,x,PORTLAND,OR,97204,80649,x
x,x,PLANO,TX,75025,81460,x
x,x,SAN BRUNO,CA,94066,99760,x
x,x,SAN RAMON,CA,94583,164041,x
x,x,MENLO PARK,CA,94025,136291,x
x,x,SANTA CLARA,CA,95054,89925,x
x,x,SAN MATEO,CA,94403,105370,x
x,x,SAN FRANCISCO,CA,94105,106610,x
x,x,SAN MATEO,CA,,106610,x
x,x,SKILLMAN,NJ,8558,50911,x
x,x,CALIFORNIA,MD,20619,149484,x
x,x,SAN FRANCISCO,CA,94105,89925,x
x,x,SEATTLE,WA,98104,50911,x
x,x,SAN FRANCISCO,CA,94107,127548,x
x,x,PLANO,TX,75074,50911,x
x,x,SAN MATEO,CA,94497,105370,x
x,x,CEDAR BROOK,NJ,8018,99840,x
x,x,BOSTON,MA,2127,162626,x
x,x,SAN DIEGO,CA,92119,106610,x
x,x,CINCINNATI,OH,45241,90043,x
x,x,,NC,,112400,x
x,x,SANTA CLARA,CA,95054,105233,x
x,x,CHARLOTTESVILLE,VA,22901,81310,x
x,x,CHICAGO,IL,60624,85368,x
x,x,NATICK,MA,1760,135930,x
x,x,SAN FRANCISCO,CA,94104,106610,x
x,x,BELLEVUE,WA,98006,100160,x
x,x,CLEMSON,SC,29632,77184,x
x,x,MOUNTAIN VIEW,CA,94040,106610,x
x,x,MENLO PARK,CA,94025,136291,x
x,x,PLANO,TX,75025,81460,x
x,x,MOUNTAIN VIEW,CA,94035,98463,x
x,x,LAS VEGAS,NV,89118,68845,x
x,x,NEW YORK,NY,10015,99610,x
x,x,CHICAGO,IL,60624,109310,x
x,x,FRANKLIN LAKES,NJ,7417,50911,x
x,x,BEAVERTON,OR,97006,57090,x
x,x,VANCOUVER,WA,98662,111710,x
x,x,NEW YORK CITY,NY,10027,121110,x
x,x,DETROIT,MI,48224,120000,x
x,x,BOSTON,MA,2127,64580,x
x,x,NEW YORK CITY,NY,10036,121110,x
x,x,ADDISON,PA,15411,92503,x
x,x,SAN BRUNO,CA,94066,106610,x
x,x,SAN BRUNO,CA,94066,106610,x
x,x,SAN JOSE,CA,,106610,x
x,x,MENLO PARK,CA,94025,106610,x
x,x,PORTOLA VALLEY,CA,94028,106610,x
x,x,VIENNA,VA,22180,122875,x
x,x,ADELPHI,MD,,71090,x
x,x,ST LOUIS,MO,63117,85444,x
x,x,SPRINGFIELD,TN,37172,99410,x
x,x,FOSTER CITY,CA,,99760,x
x,x,SAN FRANCISCO,CA,94103,136291,x
x,x,PALO ALTO,CA,94304,106610,x
x,x,SAN JOSE,CA,95134,106610,x
x,x,OAKLAND,CA,94612,131789,x
x,x,,MD,,123170,x
x,x,NEW YORK,NY,10015,98613,x
x,x,RADNOR,PA,,109058,x
x,x,LOS ANGELES,CA,90038,106610,x
x,x,DALLAS,TX,75205,141199,x
x,x,REDWOOD CITY,CA,94063,72987,x
x,x,ROSELAND,NJ,7068,84565,x
x,x,FLORHAM PARK,NJ,7932,88214,x
x,x,SAN FRANCISCO,CA,94121,99760,x
x,x,SAN BRUNO,CA,94066,,x
x,x,CAMBRIDGE,MA,2140,97065,x
x,x,PLANO,TX,75025,81460,x
x,x,SAN FRANCISCO,CA,94121,50911,x
x,x,BOCA RATON,FL,33434,78555,x
x,x,SEATTLE,WA,98118,111710,x
x,x,BALTIMORE,MD,21217,106219,x
x,x,MC LEAN,VA,22101,150000,x
x,x,SEATTLE,WA,98121,50190,x
x,x,SEATTLE,WA,98118,90292,x
x,x,SAN DIEGO,CA,92119,72260,x
x,x,NEW YORK,NY,10075,121110,x
x,x,NEW ORLEANS,LA,70112,50911,x
x,x,YOUNGSTOWN,OH,44502,50911,x
x,x,VIRGINIA BEACH,VA,23451,50911,x
x,x,ATLANTA,GA,30303,104158,x
x,x,ALBANY,NY,12202,111174,x
x,x,BELLEVUE,WA,98004,64670,x
x,x,SAN BRUNO,CA,94066,99760,x
x,x,SAN FRANCISCO,CA,94107,110856,x
x,x,BOSTON,MA,2127,135930,x
x,x,MENLO PARK,CA,94025,136291,x
x,x,,AL,,50911,x
x,x,COLORADO SPRINGS,CO,80903,50911,x
x,x,KANSAS CITY,MO,64101,50911,x
x,x,LANCASTER,PA,17602,50911,x
x,x,SAN FRANCISCO,CA,94102,113432,x
x,x,,CA,,106610,x
x,x,SANTA MONICA,CA,90404,109584,x
x,x,SAN RAMON,CA,94583,127548,x
x,x,MENLO PARK,CA,94025,136291,x
x,x,DETROIT,MI,48201,76819,x
x,x,PALO ALTO,CA,94306,106610,x
x,x,LOUISVILLE,KY,40202,50911,x
x,x,BLUE BELL,PA,19422,85238,x
x,x,TOLEDO,OH,43602,50911,x
x,x,PALM BAY,FL,32905,103271,x
x,x,ROCHESTER,NY,14604,111174,x
x,x,SAN FRANCISCO,CA,94111,127548,x
x,x,WASHINGTON,DC,20404,121920,x
x,x,BEAVERTON,OR,97006,121950,x
x,x,KNOXVILLE,TN,37902,89065,x
x,x,GERMANTOWN,MD,20875,103629,x
x,x,SAN FRANCISCO,CA,94199,95150,x
x,x,SOUTH SAN FRANCISCO,CA,94080,80400,x
x,x,PALO ALTO,CA,94306,50911,x
x,x,PALO ALTO,CA,94306,,x
x,x,,NY,,121110,x
x,x,SAN FRANCISCO,CA,94112,49560,x
x,x,SEATTLE,WA,98118,90630,x
x,x,SEATTLE,WA,98118,81495,x
x,x,NEW YORK CITY,NY,10176,121110,x
x,x,CHICAGO,IL,60623,109310,x
x,x,RIVERSIDE,CA,92501,50911,x
x,x,HONOLULU,HI,96813,50911,x
x,x,CINCINNATI,OH,45202,50911,x
x,x,MIAMI,FL,33122,103271,x
x,x,GREENSBORO,NC,27401,99522,x
x,x,PRINCETON,NJ,8544,103053,x
x,x,PALO ALTO,CA,94304,106610,x
x,x,PALO ALTO,CA,94306,50911,x
x,x,UNION CITY,OH,45390,111822,x
x,x,BERKSHIRE,MA,1224,96672,x
x,x,MIAMI,FL,33122,50911,x
x,x,MELBOURNE,FL,32901,77430,x
x,x,FORT MEADE,MD,,118505,x
x,x,PHILADELPHIA,PA,19170,85238,x
x,x,INDIANAPOLIS,IN,46202,142460,x
x,x,LOUISVILLE,KY,40290,73228,x
x,x,BOSTON,MA,2127,50911,x
x,x,SAN BRUNO,CA,94098,106610,x
x,x,KANSAS CITY,MO,,85444,x
x,x,HOUSTON,TX,77054,91403,x
x,x,DULLES TOWN CENTER,VA,,101050,x
x,x,ALEXANDRIA,VA,22336,103873,x
x,x,MILWAUKEE,WI,53211,50911,x
x,x,PLANO,TX,75025,88373,x
x,x,CHICAGO,IL,60624,86980,x
x,x,LITTLE ROCK,AR,72201,50911,x
x,x,SAN DIEGO,CA,92101,50911,x
x,x,WATERTOWN,MA,2471,50911,x
x,x,SAN JOSE,CA,95125,38230,x
x,x,MOUNTAIN VIEW,CA,94041,110759,x
x,x,WICHITA,KS,67202,50911,x
x,x,BROOMFIELD,CO,,70539,x
x,x,LANCASTER,PA,17602,105180,x
x,x,BOSTON,MA,2127,102730,x
x,x,SCOTTSDALE,AZ,85258,87491,x
x,x,CHARLOTTE,NC,28269,108295,x
x,x,SEATTLE,WA,98118,26780,x
x,x,NEW YORK,NY,10015,50911,x
x,x,BATON ROUGE,LA,70801,84388,x
x,x,WALTHAM,MA,2451,123619,x
x,x,SUNNYVALE,CA,94087,80861,x
x,x,HOUSTON,TX,77021,88373,x
x,x,BROOMFIELD,CO,,107563,x
x,x,SAN FRANCISCO,CA,94121,106610,x
x,x,BRISBANE,CA,94005,106610,x
x,x,NEW YORK,NY,10075,66980,x
x,x,BOISE,ID,83702,50911,x
x,x,CLEVELAND,OH,44102,50911,x
x,x,SALT LAKE CITY,UT,84101,50911,x
x,x,ORLANDO,FL,32801,103271,x
x,x,NEW YORK,NY,10015,121110,x
x,x,SEATTLE,WA,98118,81495,x
x,x,PALO ALTO,CA,94301,121269,x
x,x,SEATTLE,WA,98104,26780,x
x,x,HILLSBORO,OR,97124,121950,x
x,x,MENLO PARK,CA,94025,95670,x
x,x,PROVO,UT,84601,50911,x
x,x,SEATTLE,WA,98118,26780,x
x,x,LAKELAND,FL,33801,103271,x
x,x,NEW YORK CITY,NY,10016,121110,x
x,x,LAS VEGAS,NV,89107,99530,x
x,x,AKRON,OH,44307,122128,x
x,x,ST LOUIS,MO,63105,68116,x
x,x,MEMPHIS,TN,38103,89065,x
x,x,SAN MATEO,CA,94404,106610,x
x,x,SAN JOSE,CA,95125,123580,x
x,x,SKILLMAN,NJ,8558,50911,x
x,x,PHILADELPHIA,PA,19019,50911,x
x,x,NASHVILLE,TN,37201,89065,x
x,x,PRINCETON,NJ,8544,50911,x
x,x,SEATTLE,WA,98101,90292,x
x,x,NEW YORK,NY,10015,83990,x
x,x,SEATTLE,WA,98118,77916,x
x,x,SANTA CLARA,CA,95054,126513,x
x,x,REDWOOD CITY,CA,94063,106610,x
x,x,SAN FRANCISCO,CA,94121,87684,x
x,x,SEATTLE,WA,98118,130508,x
x,x,COLLEGEVILLE,PA,19426,67200,x
x,x,RALEIGH,NC,27604,99179,x
x,x,BEAVERTON,OR,97006,121950,x
x,x,PLANO,TX,75074,81460,x
x,x,SAN FRANCISCO,CA,94101,127548,x
x,x,NEW YORK,NY,10015,83990,x
x,x,GLEN ECHO,MD,20812,71090,x
x,x,DALLAS,TX,75201,141199,x
x,x,SAN FRANCISCO,CA,94101,50911,x
x,x,PALO ALTO,CA,94306,106610,x
x,x,DETROIT,MI,48210,76819,x
x,x,SAN FRANCISCO,CA,94121,106610,x
x,x,PALO ALTO,CA,94301,105120,x
x,x,LONDON,OH,43140,122128,x
x,x,DRAPER,UT,84020,50911,x
x,x,COLUMBIA,ME,20404,50911,x
x,x,MILWAUKEE,WI,53211,50911,x
x,x,SEATTLE,WA,98118,90630,x
x,x,,CA,,89925,x
x,x,SUNNYVALE,CA,94087,106610,x
x,x,MOUNTAIN VIEW,CA,94041,98463,x
x,x,PLANO,TX,75025,88373,x
x,x,ATLANTA,GA,30326,85900,x
x,x,AUSTIN,TX,78722,64479,x
x,x,FALLS CHURCH,VA,22046,63050,x
x,x,NEW YORK,NY,,50911,x
x,x,SAN FRANCISCO,CA,94121,105370,x
x,x,WASHINGTON,DC,20404,145865,x
x,x,NEW YORK,NY,10015,121110,x
x,x,BOSTON,MA,2121,,x
x,x,AUSTIN,TX,78769,116828,x
x,x,HAZLET,NJ,7730,110690,x
x,x,MOUNTAIN VIEW,CA,94041,89925,x
x,x,PLANO,TX,75025,81460,x
x,x,MOUNTAIN VIEW,CA,94041,136291,x
x,x,NEW YORK,NY,10015,99610,x
x,x,LONG ISLAND CITY,NY,11101,102920,x
x,x,GWYNN OAK,MD,21207,106219,x
x,x,MOUNTAIN VIEW,CA,94041,106610,x
x,x,SMYRNA,GA,30082,115000,x
x,x,WASHINGTON,DC,20001,60909,x
x,x,DENVER,CO,80205,145000,x
x,x,SHARONVILLE,OH,,90043,x
x,x,WILMINGTON,DE,19801,80681,x
x,x,PALO ALTO,CA,94306,105370,x
x,x,SAN FRANCISCO,CA,94121,141903,x
x,x,PHILADELPHIA,PA,19170,117700,x
x,x,CHICAGO,IL,60624,139110,x
x,x,AUBURN HILLS,MI,48321,120000,x
x,x,BLUE BELL,PA,19422,85238,x
x,x,REDMOND,WA,98053,90630,x
x,x,PALO ALTO,CA,94306,82890,x
x,x,MENLO PARK,CA,94025,,x
x,x,BOSTON,MA,2110,135930,x
x,x,SAN MATEO,CA,94497,137500,x
x,x,ATLANTA,GA,30303,50911,x
x,x,POUGHKEEPSIE,NY,12601,50911,x
x,x,SAN ANTONIO,TX,78202,50911,x
x,x,ALBUQUERQUE,NM,87102,92103,x
x,x,,CA,,105370,x
x,x,PALO ALTO,CA,,106610,x
x,x,REDWOOD CITY,CA,94062,130328,x
x,x,PLEASANTON,CA,94588,106610,x
x,x,SAN CARLOS,CA,94070,132383,x
x,x,SAN FRANCISCO,CA,94103,50911,x
x,x,STOCKTON,CA,95202,50911,x
x,x,GRAND RAPIDS,MI,49503,50911,x
x,x,SCRANTON,PA,18503,50911,x
x,x,PHOENIX,AZ,85003,99481,x
x,x,KANSAS CITY,KS,66101,87641,x
x,x,DAYTON,OH,45402,89092,x
x,x,SAINT LOUIS,MO,63104,68116,x
x,x,,CA,,40571,x
x,x,SAN FRANCISCO,CA,94107,105120,x
x,x,WALNUT CREEK,CA,94595,99760,x
x,x,INDIA,TX,,118020,x
x,x,SANTA CLARA,CA,95054,89925,x
x,x,HARTFORD,CT,,34854,x
x,x,SANTA CLARA,CA,95054,105120,x
x,x,ASHBURN,VA,20147,124984,x
x,x,BALTIMORE,MD,21281,123170,x
x,x,,VA,,121165,x
x,x,SAN BRUNO,CA,94066,106610,x
x,x,WASHINGTON,DC,20005,121920,x
x,x,LONDON,OH,43140,78354,x
x,x,SANTA CLARA,CA,95054,164041,x
x,x,,CA,,,x
x,x,SEATTLE,WA,98118,111710,x
x,x,SANTA CLARA,CA,95054,,x
x,x,SAN MATEO,CA,94403,50911,x
x,x,PLANO,TX,75026,24670,x
x,x,STAMFORD,CT,6903,95058,x
x,x,LITTLETON,MA,1460,97065,x
x,x,NEW YORK,NY,10015,121110,x
x,x,PHILADELPHIA,PA,19170,117700,x
x,x,SAN BRUNO,CA,94066,,x
x,x,LOS ANGELES,CA,90047,99760,x
x,x,NEW YORK CITY,NY,10004,97774,x
x,x,WEST HOLLYWOOD,CA,90069,145804,x
x,x,CHICAGO,IL,60601,50911,x
x,x,COLUMBUS,OH,43201,50911,x
x,x,OGDEN,UT,84401,50911,x
x,x,JACKSONVILLE,FL,32202,103271,x
x,x,LAS VEGAS,NV,89101,92439,x
x,x,BOSTON,MA,2127,135930,x
x,x,PLANO,TX,75025,103552,x
x,x,SEATTLE,WA,98101,111710,x
x,x,NEW YORK,NY,10075,69800,x
x,x,ROSELAND,NJ,,84565,x
x,x,MENLO PARK,CA,94025,136291,x
x,x,BALTIMORE,MD,21218,124464,x
x,x,DENVER,CO,80249,50911,x
x,x,SAN FRANCISCO,CA,94121,136291,x
x,x,MOUNTAIN VIEW,CA,94040,105370,x
x,x,ALPHARETTA,GA,30022,,x
x,x,MOUNTAIN VIEW,CA,94035,90910,x
x,x,SEATTLE,WA,98118,72862,x
x,x,SAN BRUNO,CA,94066,106610,x
x,x,SEATTLE,WA,,,x
x,x,SAN FRANCISCO,CA,94121,106610,x
x,x,SEATTLE,WA,98194,90292,x
x,x,SAN JOSE,CA,95125,106610,x
x,x,SAN BRUNO,CA,94066,106610,x
x,x,NEW YORK,NY,10015,87270,x
x,x,NEW YORK,NY,,121110,x
x,x,BAKERSFIELD,CA,93301,50911,x
x,x,MORRISVILLE,NC,,76951,x
x,x,SAN JOSE,CA,95125,106610,x
x,x,INDIANAPOLIS,IN,46202,142460,x
x,x,SPRINGFIELD,MA,1103,50911,x
x,x,PHILADELPHIA,PA,19102,50911,x
x,x,MADISON,WI,53703,50911,x
x,x,BOISE,ID,83702,78340,x
x,x,MOUNTAIN VIEW,CA,94040,50911,x
x,x,LOS ANGELES,CA,90047,89925,x
x,x,PRINCETON,NJ,8544,110690,x
x,x,SAN JOSE,CA,95110,50911,x
x,x,MOUNTAIN VIEW,CA,94035,50911,x
x,x,SAN FRANCISCO,CA,94121,106610,x
x,x,SAN FRANCISCO,CA,94121,89925,x
x,x,HOPKINTON,MA,1748,135930,x
x,x,ATLANTA,GA,30301,150614,x
x,x,OAKLAND,CA,94607,99760,x
x,x,NEW HAVEN,CT,6510,115139,x
x,x,FORT WASHINGTON,PA,19034,117700,x
x,x,CHARLOTTE,NC,28269,112400,x
x,x,CINCINNATI,OH,45202,89092,x
x,x,PLANO,TX,75025,24670,x
x,x,NORTHBROOK,IL,60062,109310,x
x,x,PLANO,TX,75025,88373,x
x,x,NEW YORK,NY,,69800,x
x,x,NEW YORK,NY,,121110,x
x,x,SAN FRANCISCO,CA,94121,105120,x
x,x,SANTA CLARA,CA,95054,81358,x
x,x,INDIANAPOLIS,IN,46202,50911,x
x,x,LAUREL,MD,,93700,x
x,x,WAYNE,PA,19080,109058,x
x,x,SAN FRANCISCO,CA,94117,105120,x
x,x,SANTA CLARA,CA,95054,81358,x
x,x,SAN FRANCISCO,CA,94101,106610,x
x,x,NEW YORK CITY,NY,10292,144895,x
x,x,BELLEVUE,WA,98006,50911,x
x,x,ST LOUIS,MO,63108,85444,x
x,x,ATLANTA,GA,30318,33650,x
x,x,SAN FRANCISCO,CA,94121,115941,x
x,x,SEATTLE,WA,98118,111710,x
x,x,IRVINE,CA,92602,90120,x
x,x,EL PASO,TX,79901,103930,x
x,x,,NC,,112400,x
x,x,FOSTER CITY,CA,,106610,x
x,x,MENLO PARK,CA,94025,106610,x
x,x,WARREN TOWNSHIP,NJ,,100363,x
x,x,HARTFORD,CT,,50911,x
x,x,TORONTO,ON,,93721,x
x,x,,CA,,164041,x
x,x,CUPERTINO,CA,,130328,x
x,x,SAN FRANCISCO,CA,94121,99760,x
x,x,SAN BRUNO,CA,94066,,x
x,x,SANTA CLARA,CA,95054,77330,x
x,x,RESTON,VA,20191,111840,x
x,x,TUCSON,AZ,85735,58692,x
x,x,PLANO,TX,75025,81460,x
x,x,LAS VEGAS,NV,89164,50911,x
x,x,BELLEVUE,WA,98006,100160,x
x,x,COLUMBIA,SC,29201,87762,x
x,x,,AZ,,62935,x
x,x,ATLANTA,GA,30319,90000,x
x,x,CHICAGO,IL,60624,88153,x
x,x,SARTELL,MN,56377,172880,x
x,x,SANTA CLARA,CA,95054,105120,x
x,x,SAN BRUNO,CA,94066,,x
x,x,SAN JOSE,CA,95115,106610,x
x,x,SAN BRUNO,CA,94066,99760,x
x,x,MENLO PARK,CA,94025,25386,x
x,x,BOSTON,MA,2127,135930,x
x,x,AUSTIN,TX,78763,88373,x
x,x,NEW YORK,NY,10015,173446,x
x,x,ROSELAND,NJ,7068,84565,x
x,x,NEW YORK,NY,10015,121110,x
x,x,SMITHFIELD,RI,2917,73540,x
x,x,ALPHARETTA,GA,30022,125890,x
x,x,IRVING,TX,75039,118020,x
x,x,SAN FRANCISCO,CA,94111,89925,x
x,x,BURLINGTON,WA,98233,109405,x
x,x,WASHINGTON,DC,20001,56306,x
x,x,CHICAGO,IL,60290,92027,x
x,x,WALNUT CREEK,CA,94598,113432,x
x,x,PLANO,TX,75025,88373,x
x,x,RALEIGH,NC,27607,,x
x,x,SAN FRANCISCO,CA,94121,105120,x
x,x,SAN RAMON,CA,94583,164041,x
x,x,BALTIMORE,MD,21201,103629,x
x,x,SEATTLE,WA,98101,74177,x
x,x,BIRMINGHAM,AL,35203,50911,x
x,x,TAMPA,FL,33602,50911,x
x,x,OMAHA,NE,68102,50911,x
x,x,MEMPHIS,TN,38103,50911,x
x,x,FRESNO,CA,93701,113432,x
x,x,GRAND RAPIDS,MI,49503,97049,x
x,x,BELLEVUE,WA,98005,100160,x
x,x,SKILLMAN,NJ,8558,50911,x
x,x,PLANO,TX,75025,88373,x
x,x,WASHINGTON,DC,20036,50911,x
x,x,MOUNTAIN VIEW,CA,94041,90120,x
x,x,PHILADELPHIA,PA,19102,105180,x
x,x,WASHINGTON,DC,20404,121920,x
x,x,FREMONT,CA,94536,117129,x
x,x,PLANO,TX,75025,81460,x
x,x,FRANCONIA,VA,,63050,x
x,x,CUPERTINO,CA,95015,89925,x
x,x,SAN FRANCISCO,CA,94121,123500,x
x,x,PHOENIX,AZ,85020,50911,x
x,x,NEW YORK,NY,10015,121110,x
x,x,MINNEAPOLIS,MN,55416,266011,x
x,x,PHILADELPHIA,PA,19170,117700,x
x,x,ARVADA,CO,80002,85524,x
x,x,MOUNTAIN VIEW,CA,94041,127548,x
x,x,PRINCETON,NJ,8544,110690,x
x,x,AUSTIN,TX,78746,118020,x
x,x,NEW YORK CITY,NY,10021,121110,x
x,x,ATLANTA,GA,30318,80515,x
x,x,SANTA CLARA,CA,95054,164041,x
x,x,PALO ALTO,CA,,121269,x
x,x,LOS ANGELES,CA,90028,,x
x,x,WASHINGTON,DC,20435,,x
x,x,MOUNTAIN VIEW,CA,94043,89925,x
x,x,SAN FRANCISCO,CA,94121,106610,x
x,x,FRAMINGHAM,MA,1701,103201,x
x,x,PLANO,TX,75025,88373,x
x,x,FORT WORTH,TX,76101,83345,x
x,x,PALO ALTO,CA,94306,,x
x,x,PORTLAND,OR,97218,114698,x
x,x,PASADENA,CA,91105,105120,x
x,x,ROSELAND,NJ,7068,84565,x
x,x,ANNAPOLIS JUNCTION,MD,,108970,x
x,x,LOUISVILLE,KY,40201,79906,x
x,x,ROSELAND,NJ,7068,84565,x
x,x,LOS ANGELES,CA,90064,106610,x
x,x,LOS ANGELES,CA,90047,115055,x
x,x,SAN RAMON,CA,94583,127548,x
x,x,ROSEVILLE,CA,,115055,x
x,x,IRVING,TX,75039,135000,x
x,x,ORLANDO,FL,32817,72942,x
x,x,HOUSTON,TX,77008,91403,x
x,x,SAN MATEO,CA,94403,50911,x
x,x,CAMBRIDGE,MA,2139,135930,x
x,x,NEW YORK,NY,10015,173446,x
x,x,LOUISVILLE,KY,40201,28870,x
x,x,PRINCETON,NJ,8544,50911,x
x,x,SAN JOSE,CA,95125,106610,x
x,x,NEW YORK,NY,10015,97774,x
x,x,HOUSTON,TX,77002,91403,x
x,x,SAN BRUNO,CA,94066,,x
x,x,PALO ALTO,CA,94306,127548,x
x,x,SANTA CLARA,CA,95054,105120,x
x,x,AUSTIN,TX,78746,118020,x
x,x,SAN FRANCISCO,CA,94107,106610,x
x,x,NEW YORK,NY,10015,99610,x
x,x,FRAMINGHAM,MA,1701,135930,x
x,x,CHEVY CHASE,MD,20825,71090,x
x,x,NEW YORK,NY,10015,121110,x
x,x,PALO ALTO,CA,94306,106610,x
x,x,SEATTLE,WA,98118,90630,x
x,x,STAMFORD,CT,6903,95058,x
x,x,SAN FRANCISCO,CA,94121,89925,x
x,x,BALTIMORE,MD,21218,124464,x
x,x,CHICAGO,IL,60632,109310,x
x,x,PENNINGTON,NJ,8534,110690,x
x,x,BRISBANE,CA,94005,106610,x
x,x,CHICAGO,IL,60624,109310,x
x,x,PALO ALTO,CA,94306,,x
x,x,HILLSBORO,OR,97123,121950,x
x,x,TULSA,OK,74101,66159,x
x,x,HOUSTON,TX,77008,103552,x
x,x,NEW YORK,NY,10015,98416,x
x,x,PALO ALTO,CA,94304,127548,x
x,x,SANTA MONICA,CA,90405,106610,x
x,x,MENLO PARK,CA,94025,99760,x
x,x,MADISON,WI,53703,60909,x
x,x,LANHAM,MD,20706,71090,x
x,x,,CO,,50911,x
x,x,SUNNYVALE,CA,,106610,x
x,x,SAN FRANCISCO,CA,94107,106610,x
x,x,SAN RAMON,CA,94583,164041,x
x,x,,NJ,,89630,x
x,x,SAN FRANCISCO,CA,94105,87160,x
x,x,HARTFORD,CT,6155,34854,x
x,x,CARSON,CA,90745,105233,x
x,x,CLEVELAND,OH,44101,77926,x
x,x,BELLEVUE,WA,98004,50911,x
x,x,INDIANAPOLIS,IN,46202,142460,x
x,x,SAN BRUNO,CA,94066,106610,x
x,x,MELBOURNE,FL,32901,90824,x
x,x,BOSTON,MA,2133,135930,x
x,x,SAN FRANCISCO,CA,94121,72987,x
x,x,CAPE CORAL,FL,33904,50911,x
x,x,REDMOND,WA,98053,90630,x
x,x,SAN BRUNO,CA,94066,106610,x
x,x,BUFFALO,NY,14201,50911,x
x,x,HARTFORD,CT,6132,50911,x
x,x,DALLAS,TX,75201,50911,x
x,x,NEW YORK,NY,10015,99610,x
x,x,SAN FRANCISCO,CA,94107,106610,x
x,x,NEW BERLIN,WI,53151,50911,x
x,x,COLORADO SPRINGS,CO,80903,106147,x
x,x,JACKSON,MS,39201,81983,x
x,x,RICHLAND,WA,99352,90292,x
x,x,SEATTLE,WA,98144,90630,x
x,x,SAN FRANCISCO,CA,94121,106610,x
x,x,SEATTLE,WA,98118,90630,x
x,x,BEAVERTON,OR,97006,121950,x
x,x,PALO ALTO,CA,94301,106610,x
x,x,,NC,,84641,x
x,x,STAMFORD,CT,6903,50911,x
x,x,MOUNTAIN VIEW,CA,94041,58510,x
x,x,MILWAUKEE,WI,53202,91229,x
x,x,HARRISBURG,PA,17111,117700,x
x,x,COLUMBUS,OH,43203,100933,x
x,x,SAN MATEO,CA,94403,105120,x
x,x,ADDISON,TX,75001,91403,x
x,x,LOS ANGELES,CA,90038,106610,x
x,x,CAMBRIDGE,MA,2142,135930,x
x,x,BOSTON,MA,2127,162626,x
x,x,BETHESDA,MD,20813,106219,x
x,x,BOSTON,MA,2127,162626,x
x,x,WALNUT CREEK,CA,94596,113432,x
x,x,REDMOND,WA,98052,90630,x
x,x,ATLANTA,GA,30301,50911,x
x,x,MENLO PARK,CA,94025,50911,x
x,x,CAMBRIDGE,MA,2238,50911,x
x,x,NEW YORK CITY,NY,10176,173446,x
x,x,OAKLAND,CA,94601,69870,x
x,x,LITTLETON,MA,1460,135930,x
x,x,CHEVY CHASE,MD,,,x
x,x,SEATTLE,WA,98194,111710,x
x,x,NEW YORK,NY,10015,95726,x
x,x,DENVER,CO,80249,50911,x
x,x,SEATTLE,WA,98118,133649,x
x,x,CHICAGO,IL,60623,86980,x
x,x,PALO ALTO,CA,94306,106610,x
x,x,PLANO,TX,75025,103552,x
x,x,PALO ALTO,CA,94306,127548,x
x,x,SAN JOSE,CA,95115,106610,x
x,x,SAN ANTONIO,TX,78207,28140,x
x,x,SAN FRANCISCO,CA,94112,164041,x
x,x,PALO ALTO,CA,94306,106610,x
x,x,SCRANTON,PA,18503,105180,x
x,x,CHARLOTTESVILLE,VA,22903,81310,x
x,x,SAN DIEGO,CA,92190,107500,x
x,x,SUN CITY WEST,AZ,85375,87350,x
x,x,WALTHAM,MA,2454,97065,x
x,x,MELBOURNE,FL,32935,149010,x
x,x,SAN FRANCISCO,CA,,89925,x
x,x,PALO ALTO,CA,94301,106610,x
x,x,,NJ,,99840,x
x,x,LOS ANGELES,CA,90047,106610,x
x,x,SUNNYVALE,CA,94086,106610,x
x,x,REDWOOD CITY,CA,94061,127548,x
x,x,PLANO,TX,75025,88373,x
x,x,DALLAS,TX,75214,81460,x
x,x,REDMOND,WA,98053,90630,x
x,x,ASHBURN,VA,20148,124984,x
x,x,SAN FRANCISCO,CA,94111,105120,x
x,x,,IL,,114537,x
x,x,VIENNA,VA,22180,50911,x
x,x,PALO ALTO,CA,94304,106610,x
x,x,SAN FRANCISCO,CA,94107,99760,x
x,x,MENLO PARK,CA,94025,136291,x
x,x,MOUNTAIN VIEW,CA,94041,58510,x
x,x,INDIA,TX,,118020,x
x,x,PLANO,TX,75025,88373,x
x,x,MOUNTAIN VIEW,CA,94041,58510,x
x,x,BROOKLYN,NY,11226,121110,x
x,x,SAN FRANCISCO,CA,94121,106610,x
x,x,SAN MATEO,CA,94403,50911,x
x,x,WASHINGTON,DC,20001,114312,x
x,x,SAN FRANCISCO,CA,94121,106610,x
x,x,SAN FRANCISCO,CA,94121,106610,x
x,x,REDMOND,WA,98053,90630,x
x,x,WARREN TOWNSHIP,NJ,,100363,x
x,x,FRESNO,CA,93701,50911,x
x,x,WORCESTER,MA,1602,50911,x
x,x,PORTLAND,OR,97201,50911,x
x,x,MILWAUKEE,WI,53202,50911,x
x,x,DES MOINES,IA,50309,84240,x
x,x,SYRACUSE,NY,13202,111174,x
x,x,CHICAGO,IL,60624,130778,x
x,x,ASHBURN,VA,20148,124984,x
x,x,BRISBANE,CA,94005,106610,x
x,x,PLANO,TX,75025,88373,x
x,x,BLOOMFIELD,CT,6002,50911,x
x,x,FOSTER CITY,CA,,106610,x
x,x,PALO ALTO,CA,94303,106610,x
x,x,IRVINE,CA,92604,105120,x
x,x,NEW YORK CITY,NY,10001,95000,x
x,x,SHERMAN OAKS,CA,91423,120000,x
x,x,DALLAS,TX,75201,103930,x
x,x,RICHARDSON,TX,75081,88373,x
x,x,PALO ALTO,CA,94301,106610,x
x,x,BOSTON,MA,2121,96672,x
x,x,LAS VEGAS,NV,89107,50911,x
x,x,LONGMONT,CO,80503,50911,x
x,x,SEATTLE,WA,98118,109405,x
x,x,MENLO PARK,CA,94025,106610,x
x,x,NORTHBROOK,IL,60062,109310,x
x,x,MINNEAPOLIS,MN,55401,91098,x
x,x,LAKELAND,FL,33805,149010,x
x,x,VANCOUVER,BC,,50911,x
x,x,ORLANDO,FL,32801,50911,x
x,x,ALBUQUERQUE,NM,87102,50911,x
x,x,KNOXVILLE,TN,37902,50911,x
x,x,,CA,,89925,x
x,x,PHOENIX,AZ,85003,50911,x
x,x,BAKERSFIELD,CA,93301,113432,x
x,x,MINNEAPOLIS,MN,55401,97613,x
x,x,BALTIMORE,MD,21201,50911,x
x,x,EAST PITTSBURGH,PA,15112,50911,x
x,x,SEATTLE,WA,98118,90630,x
x,x,WASHINGTON,DC,20404,104571,x
x,x,CHARLOTTE,NC,28201,99670,x
x,x,KING OF PRUSSIA,PA,19406,,x
x,x,BIRMINGHAM,AL,35203,91982,x
x,x,CHICAGO,IL,60601,100234,x
x,x,CLEVELAND,OH,44102,89092,x
x,x,PRINCETON,NJ,8544,110690,x
x,x,PLANO,TX,75025,81460,x
x,x,CHARLOTTE,NC,28269,87526,x
x,x,BOSTON,MA,2127,135930,x
x,x,DALLAS,TX,75214,88373,x
x,x,COLUMBIA,SC,29201,50911,x
x,x,LOS ANGELES,CA,90047,87160,x
x,x,MOUNTAIN VIEW,CA,94035,89925,x
x,x,EAST PITTSBURGH,PA,15112,105180,x
x,x,CLEMSON,SC,29631,34854,x
x,x,WATERTOWN,MA,2172,135930,x
x,x,PLANO,TX,75025,88373,x
x,x,ARLINGTON,VA,22203,63050,x
x,x,BOSTON,MA,2127,162626,x
x,x,AUSTIN,TX,78712,54000,x
x,x,TEMPLE HILLS,MD,20757,71090,x
x,x,FRESNO,CA,93650,105233,x
x,x,JACKSONVILLE,FL,32204,90824,x
x,x,NEW YORK,NY,10075,121110,x
x,x,ATLANTA,GA,30318,125890,x
x,x,OAKLAND,CA,94605,99760,x
x,x,ATLANTA,GA,30326,85900,x
x,x,SAN FRANCISCO,CA,94121,109584,x
x,x,SAN FRANCISCO,CA,94121,106610,x
x,x,ALEXANDRIA,VA,22303,103873,x
x,x,NEW YORK CITY,NY,10004,121110,x
x,x,SEATTLE,WA,98134,111710,x
x,x,MINNEAPOLIS,MN,55401,96790,x
x,x,HARRISBURG,PA,17101,50911,x
x,x,TUCSON,AZ,85701,99481,x
x,x,BEAVERTON,OR,97005,121950,x
x,x,OXON HILL,MD,20750,71090,x
x,x,WICHITA,KS,67202,87641,x
x,x,BURNABY,BC,,93721,x
x,x,MOUNTAIN VIEW,CA,94041,50911,x
x,x,DENVER,CO,80249,110000,x
x,x,DETROIT,MI,48210,120000,x
x,x,REDWOOD CITY,CA,94063,106610,x
x,x,SAN JOSE,CA,95131,106610,x
x,x,NEW YORK,NY,10015,144895,x
x,x,SKILLMAN,NJ,8558,50911,x
x,x,REDMOND,WA,98052,90630,x
x,x,HOFFMAN ESTATES,IL,60179,85368,x
x,x,COLUMBIA,ME,,94500,x
x,x,LOS GATOS,CA,95030,77330,x
x,x,SAN ANTONIO,TX,78202,103930,x
x,x,NEW YORK,NY,10015,144895,x
x,x,PRINCETON,NJ,8544,110690,x
x,x,SIMI VALLEY,CA,93065,99760,x
x,x,PALO ALTO,CA,94306,121269,x
x,x,PHILADELPHIA,PA,19170,117700,x
x,x,TORONTO,ON,,50911,x
x,x,SOUTH WALES,VA,,103873,x
x,x,SAN BRUNO,CA,94066,,x
x,x,LOS ANGELES,CA,90001,105120,x
x,x,BLUE BELL,PA,19424,85238,x
x,x,SAN FRANCISCO,CA,94102,50911,x
x,x,JACKSONVILLE,FL,32202,50911,x
x,x,LAS VEGAS,NV,89101,50911,x
x,x,CHATTANOOGA,TN,37402,50911,x
x,x,MCALLEN,TX,78501,103930,x
x,x,OXNARD,CA,93030,113432,x
x,x,SAINT LOUIS,MO,63101,94052,x
x,x,ALLENTOWN,PA,18101,105180,x
x,x,HOFFMAN ESTATES,IL,60179,57757,x
x,x,SAN FRANCISCO,CA,94121,109584,x
x,x,SAN DIEGO,CA,92119,72260,x
x,x,CHICAGO,IL,60623,109310,x
x,x,SEATTLE,WA,98101,111710,x
x,x,SAN CLEMENTE,CA,92674,106610,x
x,x,PLANO,TX,75025,18640,x
x,x,SAN MATEO,CA,94497,127548,x
x,x,LOS GATOS,CA,95030,132383,x
x,x,PRINCETON,NJ,8544,110690,x
x,x,AKRON,OH,,122128,x
x,x,REDWOOD CITY,CA,94061,155000,x
x,x,SAN FRANCISCO,CA,94121,89925,x
x,x,PLANO,TX,75025,148136,x
x,x,ANNAPOLIS JUNCTION,MD,20701,93700,x
x,x,NEW YORK CITY,NY,10013,121110,x
x,x,INDIANAPOLIS,IN,46202,142460,x
x,x,SANTA CLARA,CA,95054,89925,x
x,x,BOSTON,MA,2127,85315,x
x,x,INDIANAPOLIS,IN,46201,50911,x
x,x,DAYTON,OH,45402,50911,x
x,x,SAN FRANCISCO,CA,94103,106610,x
x,x,CHEVY CHASE,MD,20825,106219,x
x,x,NORTH PORT,FL,34287,103271,x
x,x,NEW YORK CITY,NY,10001,111174,x
x,x,HEADQUARTERS,BC,,50911,x
x,x,REDWOOD CITY,CA,94061,120000,x
x,x,LAS VEGAS,NV,89107,110000,x
x,x,SEATTLE,WA,98118,26780,x
x,x,NEW YORK,NY,10015,121110,x
x,x,SAN FRANCISCO,CA,94112,105233,x
x,x,NEW YORK CITY,NY,10165,135000,x
x,x,VIENNA,VA,22180,50911,x
x,x,MENLO PARK,CA,94025,136291,x
x,x,NEW YORK,NY,10015,50911,x
x,x,KANSAS CITY,MO,64138,50911,x
x,x,SANTA MONICA,CA,90408,109584,x
x,x,SAN FRANCISCO,CA,94121,136291,x
x,x,CHARLESTON,SC,29401,87762,x
x,x,SEATTLE,WA,98118,81495,x
x,x,ROCHESTER,MI,48306,68930,x
x,x,MOUNTAIN VIEW,CA,94041,89925,x
x,x,NEW YORK,NY,10015,173446,x
x,x,LAUREL,MD,,,x
x,x,CHANTILLY,VA,20151,101050,x
x,x,CAMBRIDGE,MA,2238,102730,x
x,x,EDEN PRAIRIE,MN,55344,172880,x
x,x,IRVINE,CA,92604,90120,x
x,x,SEATTLE,WA,98118,111710,x
x,x,NEW YORK,NY,10015,83990,x
x,x,GARRETT PARK,MD,20896,71090,x
x,x,PRINCETON,NJ,8544,114326,x
x,x,CHICAGO,IL,60624,,x
x,x,AUSTIN,TX,78744,118020,x
x,x,REDMOND,WA,98052,74177,x
x,x,BOSTON,MA,2127,135930,x
x,x,NEW YORK,NY,10015,144895,x
x,x,CHICAGO,IL,60624,109310,x
x,x,WATERTOWN,MA,2172,50911,x
x,x,BASKING RIDGE,NJ,7920,75780,x
x,x,NEW YORK,NY,10015,121110,x
x,x,NEEDHAM HEIGHTS,MA,,135930,x
x,x,ST LOUIS,MO,,85444,x
x,x,ANNAPOLIS JUNCTION,MD,20701,123170,x
x,x,CAMBRIDGE,MA,2140,135930,x
x,x,CASCADE,MD,21719,123170,x
x,x,SAN FRANCISCO,CA,94107,115055,x
x,x,LOS ANGELES,CA,90001,127548,x
x,x,AUSTIN,TX,73301,50911,x
x,x,BALTIMORE,MD,21218,106219,x
x,x,PITTSBURGH,PA,15224,117700,x
x,x,MILWAUKEE,WI,53211,50911,x
x,x,DRAPER,UT,84020,50911,x
x,x,SAN FRANCISCO,CA,94121,115000,x
x,x,PLANO,TX,75025,88373,x
x,x,MARSHFIELD,WI,54449,111620,x
x,x,NORTHBROOK,IL,60062,25195,x
x,x,,NC,,112400,x
x,x,SANTA CLARA,CA,95052,106610,x
x,x,ALEXANDRIA,VA,22336,103873,x
x,x,NEW YORK,NY,10015,173446,x
x,x,SAN JOSE,CA,95113,123651,x
x,x,LOUISVILLE,KY,40266,73136,x
x,x,MURRAY,UT,,42239,x
x,x,SAN FRANCISCO,CA,94121,106610,x
x,x,REDMOND,WA,98052,100160,x
x,x,SAN DIEGO,CA,92119,106610,x
x,x,MADISON,WI,53703,91229,x
x,x,CUPERTINO,CA,95015,50911,x
x,x,VIENNA,VA,22180,122875,x
x,x,SUNNYVALE,CA,94087,99760,x
x,x,SANTA CLARA,TX,,50911,x
x,x,COLUMBIA,ME,,60700,x
x,x,DALLAS,TX,75214,81460,x
x,x,PRINCETON,NJ,8544,110690,x
x,x,PRINCETON,NJ,8544,110690,x
x,x,SAN FRANCISCO,CA,,106610,x
x,x,PORTLAND,OR,97218,87485,x
x,x,HYATTSVILLE,MD,20781,71090,x
x,x,RICHLAND,WA,99352,111710,x
x,x,MOUNTAIN VIEW,CA,94041,91430,x
x,x,BOSTON,MA,2121,,x
x,x,SKILLMAN,NJ,8558,50911,x
x,x,NEW YORK CITY,NY,10001,77196,x
x,x,EL PASO,TX,79901,83345,x
x,x,SKILLMAN,NJ,8558,50911,x
x,x,REDMOND,WA,98053,90630,x
x,x,WESTLAKE,TX,,103930,x
x,x,AUSTIN,TX,78746,91403,x
x,x,REDWOOD CITY,CA,94061,105370,x
x,x,PLANO,TX,75026,148136,x
x,x,PALO ALTO,CA,,121269,x
x,x,NEW YORK,NY,10075,50911,x
x,x,NEW YORK,NY,10015,97774,x
x,x,WEST HARRISON,NY,10604,121110,x
x,x,NEWTON,MA,2162,135930,x
x,x,SAN FRANCISCO,CA,94105,106610,x
x,x,REDMOND,WA,98052,90630,x
x,x,MOUNTAIN VIEW,CA,94035,73407,x
x,x,HEADQUARTERS,BC,,60909,x
x,x,ALBANY,NY,12202,50911,x
x,x,GROTON,CT,6349,85950,x
x,x,MOUNTAIN VIEW,CA,94035,106610,x
x,x,SANTA CLARA,CA,95054,106610,x
x,x,WALTHAM,MA,2451,123619,x
x,x,SAN FRANCISCO,CA,,106610,x
x,x,SAN JOSE,CA,95125,50911,x
x,x,SAN JOSE,CA,95125,106610,x
x,x,ANNAPOLIS JUNCTION,MD,,66804,x
x,x,BRISBANE,CA,94005,106610,x
x,x,CAMBRIDGE,MA,2139,113277,x
x,x,NEW YORK,NY,10015,83990,x
x,x,SANTA CLARA,CA,95054,77550,x
x,x,NORTH PORT,FL,34287,50911,x
x,x,NEW YORK,NY,10025,121110,x
x,x,BOSTON,MA,2127,113277,x
x,x,NEW YORK CITY,NY,10001,50911,x
x,x,STOCKTON,CA,95202,113432,x
x,x,REDWOOD CITY,CA,94065,106610,x
x,x,BRIDGEWATER,NJ,8807,135000,x
x,x,CHICAGO,IL,60624,100031,x
x,x,TUCSON,AZ,85735,58692,x
x,x,NEW YORK,NY,10015,100000,x
x,x,ROANOKE,TX,76262,103930,x
x,x,SAN FRANCISCO,CA,94104,106610,x
x,x,KANSAS CITY,MO,64101,94052,x
x,x,BOSTON,MA,2127,135930,x
x,x,REDMOND,WA,98053,90630,x
x,x,SAN FRANCISCO,CA,94121,72987,x
x,x,SEATTLE,WA,98118,111710,x
x,x,LITTLETON,CO,80121,121587,x
x,x,MURRAY,UT,,42239,x
x,x,SAN ANTONIO,TX,78201,118020,x
x,x,PALO ALTO,CA,94306,105120,x
x,x,,CA,,106610,x
x,x,CAMBRIDGE,MA,2140,135930,x
x,x,CAMBRIDGE,MA,2140,97065,x
x,x,SAN FRANCISCO,CA,94121,106610,x
x,x,NEW YORK CITY,NY,10001,61268,x
x,x,PALO ALTO,CA,,127548,x
x,x,REDWOOD CITY,CA,94063,106610,x
x,x,SEATTLE,WA,98101,133649,x
x,x,NEW YORK CITY,NY,10001,144895,x
x,x,CHEVY CHASE,MD,20815,123170,x
x,x,SANTA CLARA,CA,95054,105120,x
x,x,IRVINE,CA,92604,90120,x
x,x,LOS ANGELES,CA,,99760,x
x,x,STAMFORD,CT,6903,95058,x
x,x,HOFFMAN ESTATES,IL,60179,85368,x
x,x,MENLO PARK,CA,94025,105120,x
x,x,SANTA CLARA,CA,95050,89925,x
x,x,SANTA CLARA,CA,95054,105120,x
x,x,MENLO PARK,CA,94025,99760,x
x,x,WALTHAM,MA,2451,113128,x
x,x,SANTA CLARA,CA,95054,40571,x
x,x,ATLANTA,GA,30318,,x
x,x,STAMFORD,CT,6912,95058,x
x,x,MOUNTAIN VIEW,CA,94041,58510,x
x,x,REDMOND,WA,98053,90630,x
x,x,,UT,,81370,x
x,x,WESTLAKE,TX,,103930,x
x,x,CAMBRIDGE,MA,2140,117807,x
x,x,ANNAPOLIS JUNCTION,MD,,66804,x
x,x,BOSTON,MA,2127,135930,x
x,x,REDWOOD CITY,CA,94065,114642,x
x,x,CHICAGO,IL,60654,86980,x
x,x,SUNNYVALE,CA,94087,106610,x
x,x,ROCKVILLE,MD,20850,71090,x
x,x,SEATTLE,WA,,90292,x
x,x,NEW BERLIN,WI,53151,72219,x
x,x,PLANO,TX,75074,88373,x
x,x,SAN FRANCISCO,CA,94112,110856,x
x,x,SAN FRANCISCO,CA,94121,87684,x
x,x,SEATTLE,WA,98118,111710,x
x,x,PLANO,TX,75025,103552,x
x,x,SANTA CLARA,CA,95054,40571,x
x,x,SEATTLE,WA,98118,130508,x
x,x,PLANO,TX,75025,88373,x
x,x,WHEATON,MD,,71090,x
x,x,BURLINGTON,MA,1803,135930,x
x,x,REDMOND,WA,98052,90630,x
x,x,RICHLAND,WA,99352,111710,x
x,x,SAN MATEO,CA,94403,105370,x
x,x,ST LOUIS,MO,63108,85444,x
x,x,DISTRICT HEIGHTS,MD,20747,71090,x
x,x,VANCOUVER,WA,98662,111710,x
x,x,SAN FRANCISCO,CA,94121,50911,x
x,x,DES MOINES,CA,,44993,x
x,x,SAN FRANCISCO,CA,94121,106610,x
x,x,MOUNTAIN VIEW,CA,94041,89925,x
x,x,LOUISVILLE,KY,40266,73228,x
x,x,PLANO,TX,75025,81460,x
x,x,,CA,,86380,x
x,x,SEATTLE,WA,,90292,x
x,x,,CA,,105120,x
x,x,PLANO,TX,75025,88373,x
x,x,GLENDALE,CA,91204,105120,x
x,x,MENLO PARK,CA,94025,50911,x
x,x,ST LOUIS,MO,63117,68116,x
x,x,MINNEAPOLIS,MN,55404,172880,x
x,x,KING OF PRUSSIA,PA,19406,117700,x
x,x,MAPLEWOOD,MN,,172880,x
x,x,MENLO PARK,CA,94025,136291,x
x,x,SAN FRANCISCO,CA,94112,106610,x
x,x,CHEVY CHASE,MD,20825,106219,x
x,x,HOFFMAN ESTATES,IL,60179,85368,x
x,x,DRAPER,UT,84020,50911,x
x,x,CHELMSFORD,MA,1824,,x
x,x,PLANO,TX,75075,118020,x
x,x,ATLANTA,GA,,50911,x
x,x,SAN FRANCISCO,CA,94121,106610,x
x,x,SAN FRANCISCO,CA,,106610,x
x,x,NEW YORK,NY,10015,121110,x
x,x,HILLSBORO,OR,97123,121950,x
x,x,WESTLAKE,TX,,103930,x
x,x,SUNNYVALE,CA,94085,105120,x
x,x,SEATTLE,WA,98101,50190,x
x,x,SAN FRANCISCO,CA,94121,109584,x
x,x,TAMPA,FL,33607,,x
x,x,BOSTON,MA,2127,135930,x
x,x,NEW YORK,NY,10015,50911,x
x,x,BENTONVILLE,AR,72712,50911,x
x,x,DALLAS,TX,75214,88373,x
x,x,SAN FRANCISCO,CA,94104,106610,x
x,x,SAN JOSE,CA,95125,106610,x
x,x,SAN ANTONIO,TX,78201,83345,x
x,x,SALT LAKE CITY,UT,84101,42239,x
x,x,SAN FRANCISCO,CA,94104,87160,x
x,x,NEW YORK CITY,NY,10010,121110,x
x,x,LOS ANGELES,CA,90001,50911,x
x,x,NASHVILLE,TN,37201,50911,x
x,x,JEFFERSON MANOR,VA,,63050,x
x,x,HOFFMAN ESTATES,IL,60179,50911,x
x,x,AUSTIN,TX,78722,116828,x
x,x,SAN JOSE,CA,95110,113432,x
x,x,PLANO,TX,75025,103552,x
x,x,MOUNTAIN VIEW,CA,94041,73407,x
x,x,SAN FRANCISCO,CA,94121,67740,x
x,x,LITTLETON,CO,80120,121587,x
x,x,MELBOURNE,FL,32935,149010,x
x,x,SEATTLE,WA,98101,111710,x
x,x,DETROIT,MI,48201,97049,x
x,x,PORTLAND,OR,97201,92049,x
x,x,SAN FRANCISCO,CA,,89925,x
x,x,FORT MEADE,MD,,123170,x
x,x,NEW YORK,NY,10015,121110,x
x,x,SANTA CLARA VALLEY,CA,,40571,x
x,x,,DC,,50911,x
x,x,DES MOINES,IA,50309,50911,x
x,x,MCALLEN,TX,78501,50911,x
x,x,TAMPA,FL,33602,103271,x
x,x,OMAHA,NE,68102,92533,x
x,x,PROVIDENCE,RI,2903,103513,x
x,x,,CA,,141903,x
x,x,SAN FRANCISCO,CA,94121,95150,x
x,x,GREENSBORO,NC,27401,50911,x
x,x,GREENVILLE,SC,29601,50911,x
x,x,SACRAMENTO,CA,95814,113432,x
x,x,MOUNTAIN VIEW,CA,94035,136291,x
x,x,SAN FRANCISCO,CA,94101,105233,x
x,x,ATLANTA,GA,,,x
x,x,,MO,,68116,x
x,x,MAHWAH,NJ,7430,110690,x
x,x,BALTIMORE,MD,21201,116294,x
x,x,SMITHFIELD,RI,2828,79146,x
x,x,REDWOOD CITY,CA,94061,72987,x
x,x,SEATTLE,WA,98109,81495,x
x,x,SAN FRANCISCO,CA,94121,105120,x
x,x,REDWOOD CITY,CA,94063,106610,x
x,x,DALLAS,TX,75201,83345,x
x,x,REDWOOD CITY,CA,94061,72987,x
x,x,SAN FRANCISCO,CA,94121,106610,x
x,x,HARTFORD,CT,6112,50911,x
x,x,SANTA CLARA,CA,95054,89925,x
x,x,CHICAGO,IL,60624,85368,x
x,x,NORTHBROOK,IL,60062,25195,x
x,x,SEATTLE,WA,98101,102666,x
x,x,MENLO PARK,CA,94025,136291,x
x,x,SEATTLE,WA,98118,111710,x
x,x,STAMFORD,CT,6903,95058,x
x,x,NEW YORK,NY,10015,121110,x
x,x,ARLINGTON,VA,22203,91299,x
x,x,SANTA CLARA,CA,95054,96676,x
x,x,VIENNA,VA,22180,50911,x
x,x,SEATTLE,WA,98144,106196,x
x,x,,CA,,81358,x
x,x,MENLO PARK,CA,94025,106610,x
x,x,HOFFMAN ESTATES,IL,60179,50911,x
x,x,SAN FRANCISCO,CA,,89925,x
x,x,SAN BRUNO,CA,94066,106610,x
x,x,IRVING,TX,,118020,x
x,x,PALO ALTO,CA,94306,89925,x
x,x,RICHMOND,VA,23219,118109,x
x,x,CHANTILLY,VA,20151,101050,x
x,x,JACKSONVILLE,FL,32099,57930,x
x,x,PALO ALTO,CA,94301,89925,x
x,x,MC LEAN,VA,22102,150000,x
x,x,NEW YORK,NY,10014,121110,x
x,x,,CA,,106610,x
x,x,PLANO,TX,75025,103552,x
x,x,KENSINGTON,MD,20891,71090,x
x,x,SAN FRANCISCO,CA,94101,67740,x
x,x,SAN FRANCISCO,CA,94121,106610,x
x,x,SANTA CLARA,CA,95054,96676,x
x,x,SEATTLE,WA,98194,130508,x
x,x,SANTA CLARA,CA,95054,89925,x
x,x,HOUSTON,TX,77054,118020,x
x,x,BURLINGTON,MA,1803,69129,x
x,x,LAKELAND,FL,33801,50911,x
x,x,ROCHESTER,NY,14604,50911,x
x,x,HOUSTON,TX,77002,50911,x
x,x,PRINCETON,NJ,8544,50911,x
x,x,BRIDGEPORT,CT,6604,115139,x
x,x,BENTONVILLE,AR,72716,50911,x
x,x,HOUSTON,TX,77009,93030,x
x,x,SAN JOSE,CA,95125,106610,x
x,x,ATLANTA,GA,30318,50911,x
x,x,SEATTLE,WA,98118,26780,x
x,x,NEW YORK,NY,10015,87270,x
x,x,CAMBRIDGE,MA,2238,97065,x
x,x,SEATTLE,WA,98118,111710,x
x,x,CHARLOTTE,NC,28202,99522,x
x,x,NORFOLK,VA,,89926,x
x,x,COLUMBUS,OH,43203,100933,x
x,x,SAN FRANCISCO,CA,94104,105120,x
x,x,MOUNTAIN VIEW,CA,94041,50911,x
x,x,MC LEAN,VA,22102,50911,x
x,x,SAN BRUNO,CA,94098,106610,x
x,x,CHICAGO,IL,60623,109310,x
x,x,CHICAGO,IL,60624,88153,x
x,x,GLENDORA,NJ,8029,110690,x
x,x,TUCSON,AZ,85702,58692,x
x,x,BOSTON,MA,2121,,x
x,x,,MA,,135930,x
x,x,HARRISBURG,PA,17101,105180,x
x,x,CAMBRIDGE,MA,2142,135930,x
x,x,NORTHBROOK,IL,60062,,x
x,x,NEW YORK CITY,NY,10292,121110,x
x,x,REDWOOD CITY,CA,94063,72987,x
x,x,NEW YORK,NY,10015,121110,x
x,x,MENLO PARK,CA,94025,127548,x
x,x,MENLO PARK,CA,94025,136291,x
x,x,SAN FRANCISCO,CA,94121,89925,x
x,x,CHICAGO,IL,60624,86980,x
x,x,SAN FRANCISCO,CA,,99760,x
x,x,VIRGINIA BEACH,VA,23451,118109,x
x,x,PALO ALTO,CA,94306,164041,x
x,x,ATLANTA,GA,30318,,x
x,x,SAN JOSE,CA,95125,,x
x,x,SEATTLE,WA,98101,111710,x
x,x,SANTA CLARA,CA,95054,81358,x
x,x,SAN FRANCISCO,CA,94199,105120,x
x,x,IRVINE,CA,92602,90120,x
x,x,ATLANTA,GA,30318,125890,x
x,x,BALTIMORE,MD,21218,123170,x
x,x,FRAMINGHAM,MA,1701,103201,x
x,x,SAN MATEO,CA,94404,106610,x
x,x,CHARLOTTE,NC,28269,84641,x
x,x,MOUNTAIN VIEW,CA,94035,50911,x
x,x,SEATTLE,WA,98118,90292,x
x,x,NEW YORK CITY,NY,10001,98613,x
x,x,AUSTIN,TX,78722,80339,x
x,x,LOS GATOS,CA,95030,132383,x
x,x,SAN DIEGO,CA,92190,72260,x
x,x,PENNINGTON,NJ,8534,110690,x
x,x,MEMPHIS,TN,37501,56306,x
x,x,SAN DIEGO,CA,92119,106610,x
x,x,PHOENIX,AZ,85001,83777,x
x,x,DES MOINES,IA,50316,64734,x
x,x,SEATTLE,WA,,90292,x
x,x,DENVER,CO,80237,50911,x
x,x,SAN FRANCISCO,CA,94107,106610,x
x,x,PALO ALTO,CA,94306,106610,x
x,x,SAN JOSE,CA,,150000,x
x,x,DETROIT,MI,48210,120000,x
x,x,SAN FRANCISCO,CA,94107,127548,x
x,x,CARPINTERIA,CA,93013,95923,x
x,x,SAN FRANCISCO,CA,94121,106610,x
x,x,REDMOND,WA,98053,115637,x
x,x,PALO ALTO,CA,94301,,x
x,x,PLANO,TX,75025,,x
x,x,DETROIT,MI,48201,88024,x
x,x,ATLANTA,GA,30303,50911,x
x,x,NEW YORK,NY,10015,83990,x
x,x,TUCSON,AZ,85701,50911,x
x,x,DETROIT,MI,48210,120000,x
x,x,DENVER,CO,80202,50911,x
x,x,SAINT LOUIS,MO,63101,50911,x
x,x,HARTFORD,CT,6112,92344,x
x,x,LOS ANGELES,CA,90001,113432,x
x,x,LOUISVILLE,KY,40202,75397,x
x,x,AKRON,OH,44301,89092,x
x,x,SMITHFIELD,RI,2917,50911,x
x,x,PALO ALTO,CA,94306,127548,x
x,x,BELLEVUE,WA,98006,64670,x
x,x,,NY,,144895,x
x,x,GROTON,CT,6349,85950,x
x,x,NEW YORK,NY,10015,121110,x
x,x,BUDA,TX,78610,120000,x
x,x,ACCORD,NY,12404,83990,x
x,x,PLEASANTON,CA,94588,106610,x
x,x,REDWOOD CITY,CA,94061,105370,x
x,x,MOUNTAIN VIEW,CA,94035,47035,x
x,x,RALEIGH,NC,27628,160000,x
x,x,SAN BRUNO,CA,94066,,x
x,x,LANDOVER HILLS,MD,,71090,x
x,x,CHICAGO,IL,60624,77482,x
x,x,HOFFMAN ESTATES,IL,60169,57757,x
x,x,CAMBRIDGE,MA,2140,135930,x
x,x,WEST HOLLYWOOD,CA,90069,145804,x
x,x,SAN FRANCISCO,CA,94121,123500,x
x,x,HENDERSON,NV,89044,56306,x
x,x,SANTA MONICA,CA,90405,106610,x
x,x,CHARLOTTE,NC,28269,87526,x
x,x,SEATTLE,WA,98101,50911,x
x,x,CARROLLTON,TX,75006,118020,x
x,x,MENLO PARK,CA,94025,136291,x
x,x,PALO ALTO,CA,,127548,x
x,x,IRVINE,CA,92604,90120,x
x,x,PLANO,TX,75025,24670,x
x,x,WAYNE,PA,19080,117700,x
x,x,CANTON,MI,48187,120000,x
x,x,KANSAS CITY,MO,64138,85444,x
x,x,WASHINGTON,DC,20404,67306,x
x,x,FOSTER CITY,CA,,106610,x
x,x,SACRAMENTO,CA,95817,99760,x
x,x,CHICAGO,IL,60624,85368,x
x,x,VIENNA,VA,22185,122875,x
x,x,SEATTLE,WA,,150000,x
x,x,REDWOOD CITY,CA,94061,105370,x
x,x,NEW YORK,NY,10015,144895,x
x,x,LOS ANGELES,CA,90047,106610,x
x,x,AUSTIN,TX,73301,83345,x
x,x,PLANO,TX,75025,,x
x,x,MOUNTAIN VIEW,CA,94041,105120,x
x,x,,NC,,112400,x
x,x,CHICAGO,IL,60661,139110,x
x,x,MCLEAN,VA,,111840,x
x,x,NEW YORK,NY,10075,121110,x
x,x,LOS ANGELES,CA,90047,106610,x
x,x,WALTHAM,MA,2451,94688,x
x,x,NEW YORK CITY,NY,10010,144895,x
x,x,BOSTON,MA,2127,145000,x
x,x,DURHAM,NC,27709,112400,x
x,x,PLANO,TX,,81460,x
x,x,WASHINGTON,DC,20037,50911,x
x,x,JACKSONVILLE,FL,32204,90824,x
x,x,ENGLEWOOD,CO,80111,93136,x
x,x,ENGLEWOOD,CO,80111,50911,x
x,x,REDMOND,WA,98052,118039,x
x,x,NEW YORK,NY,10015,50911,x
x,x,SALT LAKE CITY,UT,84101,94791,x
x,x,WILMINGTON,DE,19801,100210,x
x,x,LIVONIA,MI,48150,85351,x
x,x,SAN JOSE,CA,95125,100530,x
x,x,BOSTON,MA,2108,104005,x
x,x,LOS ANGELES,CA,90001,105233,x
x,x,RALEIGH,NC,27601,99670,x
x,x,PORTLAND,OR,97218,98281,x
x,x,SUNNYVALE,CA,94086,106610,x
x,x,REDWOOD CITY,CA,94063,106610,x
x,x,ALEXANDRIA,VA,22336,103873,x
x,x,PLEASANTON,CA,94588,106610,x
x,x,MOUNTAIN VIEW,CA,94041,90910,x
x,x,MENLO PARK,CA,94025,50911,x
x,x,AUSTIN,TX,78722,116828,x
x,x,CUPERTINO,CA,95015,105120,x
x,x,SAN FRANCISCO,CA,94121,106610,x
x,x,BELLEVUE,WA,98007,100160,x
x,x,REDWOOD CITY,CA,94061,130000,x
x,x,LOS ANGELES,CA,90047,105120,x
x,x,BASKING RIDGE,NJ,7920,75780,x
x,x,,CA,,89925,x
x,x,SAN FRANCISCO,CA,94121,136291,x
x,x,NEWTON,MA,2162,102730,x
x,x,REDMOND,WA,98053,132673,x
x,x,WEST HOLLYWOOD,CA,90069,105120,x
x,x,SAN FRANCISCO,CA,94104,105370,x
x,x,SAN FRANCISCO,CA,94121,142500,x
x,x,SANTA CLARA,CA,95054,89925,x
x,x,SANTA CLARA,CA,95054,96676,x
x,x,SAN FRANCISCO,CA,94112,106610,x
x,x,CAMBRIDGE,MA,2238,94040,x
x,x,SANTA CLARA,CA,,106610,x
x,x,CUPERTINO,CA,95015,127548,x
x,x,LAS VEGAS,NV,89164,,x
x,x,SEATTLE,WA,98101,90630,x
x,x,COLUMBIA,ME,,50911,x
x,x,NEW YORK,NY,10015,80850,x
x,x,CUPERTINO,CA,95014,89925,x
x,x,TAKOMA PARK,MD,20912,71090,x
x,x,ST LOUIS,MO,63108,85444,x
x,x,CUPERTINO,CA,95015,,x
x,x,SAN BRUNO,CA,94066,106610,x
x,x,PALO ALTO,CA,94306,106610,x
x,x,OAKLAND,CA,94605,109584,x
x,x,DENVER,CO,80202,106147,x
x,x,BALTIMORE,MD,21218,124464,x
x,x,PLANO,TX,75025,88373,x
x,x,SEATTLE,WA,98118,111710,x
x,x,,CA,,81358,x
x,x,SAN FRANCISCO,CA,94121,106610,x
x,x,PLEASANTON,CA,94588,106610,x
x,x,NORTHBROOK,IL,60062,25195,x
x,x,HALIFAX,NS,B3M 2M1,93721,x
x,x,AUSTIN,TX,78722,118020,x
x,x,PALO ALTO,CA,94306,121269,x
x,x,CORVALLIS,OR,97333,121950,x
x,x,BOSTON,MA,2127,97065,x
x,x,IRVINE,CA,92604,90120,x
x,x,NORTHBROOK,IL,60065,50911,x
x,x,BOSTON,MA,2108,110367,x
x,x,TAMPA,FL,33607,108018,x
x,x,ALEXANDRIA,VA,22336,103873,x
x,x,ST LOUIS,MO,,85444,x
x,x,PLEASANTON,CA,94588,106610,x
x,x,DETROIT,MI,48210,120000,x
x,x,NEW YORK,NY,,119662,x
x,x,BALTIMORE,MD,21218,106219,x
x,x,CHEVY CHASE,MD,20825,106219,x
x,x,BALTIMORE,MD,21218,106219,x
x,x,HERNDON,VA,20171,111840,x
x,x,NEW YORK,NY,10003,121110,x
x,x,SAN BRUNO,CA,94066,,x
x,x,MINNEAPOLIS,MN,55416,96790,x
x,x,PRINCETON,NJ,8544,50911,x
x,x,SAN FRANCISCO,CA,94121,106610,x
x,x,INDIANAPOLIS,IN,46202,142460,x
x,x,BOSTON,MA,2109,97065,x
x,x,,VA,,103873,x
x,x,WEST HOLLYWOOD,CA,90069,145804,x
x,x,NEW YORK CITY,NY,10013,121110,x
x,x,AUSTIN,TX,78722,83345,x
x,x,SAN FRANCISCO,CA,94102,106610,x
x,x,DENVER,CO,80201,50911,x
x,x,BRISBANE,CA,94005,106610,x
x,x,PALO ALTO,CA,94306,130328,x
x,x,PALO ALTO,CA,94302,50911,x
x,x,CARY,NC,27511,120000,x
x,x,MONTEREY,CA,93940,99760,x
x,x,FOSTER CITY,CA,,106610,x
x,x,SEATTLE,WA,98118,111710,x
x,x,LONGMONT,CO,80501,50911,x
x,x,HIALEAH,FL,33010,57930,x
x,x,PALO ALTO,CA,94306,26170,x
x,x,,NJ,,114326,x
x,x,LAS VEGAS,NV,89107,68845,x
x,x,IRVINE,CA,92602,105120,x
x,x,CHARLOTTESVILLE,VA,22901,81310,x
x,x,REDMOND,WA,98053,90630,x
x,x,SMITHFIELD,RI,,50911,x
x,x,MORRISVILLE,NC,27560,57116,x
x,x,PLANO,TX,75026,81460,x
x,x,ATLANTA,GA,30318,125890,x
x,x,AUSTIN,TX,78759,141199,x
x,x,STAMFORD,CT,6903,95058,x
x,x,HARTFORD,CT,6103,50911,x
x,x,JACKSON,MS,39201,50911,x
x,x,RIVERSIDE,CA,92501,113432,x
x,x,BOSTON,MA,2108,110367,x
x,x,TOLEDO,OH,43602,89092,x
x,x,REDWOOD CITY,CA,94061,127548,x
x,x,SANTA MONICA,CA,90401,,x
x,x,SAN FRANCISCO,CA,94112,106610,x
x,x,LAS VEGAS,NV,89107,99530,x
x,x,PLANO,TX,75025,88373,x
x,x,KANSAS CITY,KS,66101,50911,x
x,x,TUCSON,AZ,85735,58692,x
x,x,AKRON,OH,44301,50911,x
x,x,CAPE CORAL,FL,33904,103271,x
x,x,BUFFALO,NY,14201,111174,x
x,x,CHARLESTON,SC,29403,50911,x
x,x,BOSTON,MA,2127,135930,x
x,x,SAN FRANCISCO,CA,94105,100820,x
x,x,SEATTLE,WA,98118,50911,x
x,x,SANTA CLARA,CA,95054,77330,x
x,x,ATLANTA,GA,30303,50911,x
x,x,SEATTLE,WA,98118,111710,x
x,x,COLUMBUS,OH,43231,100933,x
x,x,SAN MATEO,CA,94403,50911,x
x,x,IRVINE,CA,92604,90120,x
x,x,SEATTLE,WA,98118,111710,x
x,x,OGDEN,UT,84401,94791,x
x,x,NEW YORK,NY,10015,121110,x
x,x,MORRISVILLE,NC,27560,112400,x
x,x,SUNNYVALE,CA,94087,136291,x
x,x,GREENVILLE,SC,29601,87762,x
x,x,CAMBRIDGE,MA,2140,135930,x
x,x,REDMOND,WA,98053,90630,x
x,x,SAN FRANCISCO,CA,94112,106610,x
x,x,ALBUQUERQUE,NM,87101,56306,x
x,x,OAKLAND,CA,94601,105233,x
x,x,JESSUP,MD,,123170,x
x,x,BROOKLYN,NY,11231,121110,x
x,x,WINDSOR MILL,MD,21244,124464,x
x,x,LOS ANGELES,CA,90047,145000,x
x,x,PALO ALTO,CA,94306,50911,x
x,x,REDMOND,WA,98052,64670,x
x,x,AUSTIN,TX,78722,118020,x
x,x,SANTA CLARA,CA,95054,89925,x
x,x,CHICAGO,IL,60601,109310,x
x,x,PHILADELPHIA,PA,19019,140816,x
x,x,BEAVERTON,OR,97005,121950,x
x,x,SACRAMENTO,CA,95814,50911,x
x,x,WASHINGTON,DC,20435,121920,x
x,x,NEW YORK,NY,10075,121110,x
x,x,BATON ROUGE,LA,70801,50911,x
x,x,OKLAHOMA CITY,OK,73102,50911,x
x,x,RICHMOND,VA,23219,50911,x
x,x,NORTHBROOK,IL,60062,25195,x
x,x,DUBUQUE,IA,52001,133230,x
x,x,LAS VEGAS,NV,89107,68845,x
x,x,MESA,AZ,85201,83777,x
x,x,PLANO,TX,75025,103552,x
x,x,SEATTLE,WA,98101,50911,x
x,x,SUNNYVALE,CA,94087,89925,x
x,x,REDMOND,WA,98053,111710,x
x,x,,CA,,96676,x
x,x,AUGUSTA,GA,30901,104158,x
x,x,CHEVY CHASE,MD,20813,106219,x
x,x,RICHMOND,VA,23261,68670,x
x,x,AUSTIN,TX,78722,116828,x
x,x,HERNDON,VA,20171,104863,x
x,x,ROSSLYN,VA,,101050,x
x,x,NEW YORK CITY,NY,10003,98416,x
x,x,NEW YORK CITY,NY,10013,121110,x
x,x,NEW YORK,NY,10015,83990,x
x,x,REDWOOD CITY,CA,94061,106610,x
x,x,IRVINE,CA,92602,90120,x
x,x,SAN JOSE,CA,95125,106610,x
x,x,REDMOND,WA,98053,90630,x
x,x,CAMBRIDGE,MA,2238,,x
x,x,SAN FRANCISCO,CA,,106610,x
x,x,PLANO,TX,75025,88373,x
x,x,ROSELAND,NJ,7068,84565,x
x,x,BOSTON,MA,,135930,x
x,x,NEW YORK,NY,10015,121110,x
x,x,RESTON,VA,20195,50911,x
x,x,WAYNE,PA,19087,76647,x
x,x,SEATTLE,WA,98104,26780,x
x,x,PORTLAND,OR,97218,121950,x
x,x,ATLANTA,GA,30318,125890,x
x,x,BALTIMORE,MD,21202,123170,x
x,x,SAN FRANCISCO,CA,94121,106610,x
x,x,BELLEVUE,WA,98004,90630,x
x,x,AUSTIN,TX,78722,116828,x
x,x,SIMI VALLEY,CA,93065,99760,x
x,x,MILWAUKEE,WI,53201,76079,x
x,x,OMAHA,NE,68102,56306,x
x,x,NEW YORK,NY,10075,173446,x
x,x,FRAMINGHAM,MA,1701,135930,x
x,x,COLUMBIA,ME,,77546,x
x,x,SAN RAMON,CA,94583,127548,x
x,x,NEW YORK,NY,10015,82914,x
x,x,SAN DIEGO,CA,92119,89925,x
x,x,REDMOND,WA,98052,90630,x
x,x,FORT MEADE,MD,,123170,x
x,x,NEW YORK,NY,10015,50911,x
x,x,BELLEVUE,WA,98006,124839,x
x,x,STAMFORD,CT,6903,50911,x
x,x,SEATTLE,WA,,111710,x
x,x,REDMOND,WA,98053,90630,x
x,x,PLANO,TX,75024,88373,x
x,x,SANTA CLARA,CA,95054,106610,x
x,x,GROTON,CT,6349,100499,x
x,x,BOSTON,MA,2127,135930,x
x,x,CHICAGO,IL,60290,50911,x
x,x,SANTA CLARA,CA,95054,89925,x
x,x,BALTIMORE,MD,21218,106219,x
x,x,REDWOOD CITY,CA,94061,72987,x
x,x,BROOKLYN,NY,11226,121110,x
x,x,SAN JOSE,CA,95125,127548,x
x,x,CHICAGO,IL,60664,86980,x
x,x,CAMBRIDGE,MA,2138,50911,x
x,x,PALO ALTO,CA,94306,50911,x
x,x,SEATTLE,WA,98118,50911,x
x,x,AUSTIN,TX,,,x
x,x,PLANO,TX,75025,88373,x
x,x,SAN DIEGO,CA,92101,106610,x
x,x,REDWOOD CITY,CA,94063,,x
x,x,SANTA CLARA,CA,95054,89925,x
x,x,WARREN,MI,48088,67931,x
x,x,WARREN,MI,48088,67931,x
x,x,MOUNTAIN VIEW,CA,94039,106610,x
x,x,ATLANTA,GA,30305,125890,x
x,x,TULARE,CA,93274,77330,x
x,x,CARPINTERIA,CA,93013,95923,x
x,x,CHICAGO,IL,60664,86980,x
x,x,SANTA CLARA,CA,95054,81358,x
x,x,SANTA CLARA,CA,95054,164041,x
x,x,SAN DIEGO,CA,92190,99760,x
x,x,CHICAGO,IL,60624,114537,x
x,x,ST LOUIS,MO,,,x
x,x,IRVINE,CA,92604,100000,x
x,x,NEW YORK,NY,,97774,x
x,x,SAN FRANCISCO,CA,94105,106610,x
x,x,REDMOND,WA,98053,118039,x
x,x,NEW YORK,NY,10075,173446,x
x,x,STAMFORD,CT,6903,95058,x
x,x,SAN BRUNO,CA,94066,106610,x
x,x,CHARLOTTE,NC,28269,112400,x
x,x,WALNUT CREEK,CA,94596,113432,x
x,x,BRISBANE,CA,94005,,x
x,x,QUEENS,NY,,102920,x
x,x,DENVER,CO,80249,91970,x
x,x,PALO ALTO,CA,94301,106610,x
x,x,SAN JOSE,CA,95110,50911,x
x,x,BOSTON,MA,2108,50911,x
x,x,TULSA,OK,74103,50911,x
x,x,SEATTLE,WA,98101,50911,x
x,x,HONOLULU,HI,96813,87278,x
x,x,POUGHKEEPSIE,NY,12601,111174,x
x,x,LOUISVILLE,KY,40266,28870,x
x,x,SEATTLE,WA,98118,111710,x
x,x,PORTLAND,ME,4104,50911,x
x,x,NEW YORK,NY,10015,83990,x
x,x,ALEXANDRIA,VA,22336,111840,x
x,x,CHEVY CHASE,MD,20825,106219,x
x,x,MONTVALE,NJ,7645,110690,x
x,x,SEATTLE,WA,98118,111710,x
x,x,SANTA CRUZ,CA,95064,89925,x
x,x,ROSELAND,NJ,7068,84565,x
x,x,EL PASO,TX,79918,50911,x
x,x,VIENNA,VA,22180,101050,x
x,x,SAN BRUNO,CA,94066,,x
x,x,VIENNA,VA,22180,50911,x
x,x,CHATTANOOGA,TN,37402,89065,x
x,x,RALEIGH,NC,27604,84641,x
x,x,BENTONVILLE,AR,72712,76760,x
x,x,DALLAS,TX,75205,118020,x
x,x,AUSTIN,TX,78722,118020,x
x,x,CUPERTINO,CA,95015,89925,x
x,x,PLEASANTON,CA,94588,106610,x
x,x,NEW YORK CITY,NY,10001,49844,x
x,x,LIVONIA,MI,48154,120000,x
x,x,SANTA CLARA,CA,95054,89925,x
x,x,HALIFAX,NS,,93721,x
x,x,WALTHAM,MA,2451,113128,x
x,x,BETHESDA,MD,20813,106219,x
x,x,SANTA MONICA,CA,90405,109584,x
x,x,SAN FRANCISCO,CA,94112,86380,x
x,x,SALT LAKE CITY,UT,84106,76049,x
x,x,DETROIT,MI,48210,50911,x
x,x,NEW YORK,NY,10015,80850,x
x,x,SMITHFIELD,RI,2828,50911,x
x,x,AUGUSTA,GA,30901,50911,x
x,x,SYRACUSE,NY,13202,50911,x
x,x,AUSTIN,TX,78701,50911,x
x,x,HILLSBORO,OR,97123,87485,x
x,x,,CA,,89925,x
x,x,NEW HAVEN,CT,6510,50911,x
x,x,RALEIGH,NC,27601,50911,x
x,x,CHARLESTON,SC,29401,50911,x
x,x,SPRINGFIELD,MA,1103,110367,x
x,x,MENLO PARK,CA,94025,,x
x,x,LAS VEGAS,NV,89118,50911,x
x,x,RICHMOND,VA,23220,68670,x
x,x,SUITLAND,MD,20746,71090,x
x,x,PALO ALTO,CA,94301,121269,x
x,x,SEATTLE,WA,98118,130508,x
x,x,LIVONIA,MI,48154,85351,x
x,x,SAN FRANCISCO,CA,94121,106610,x
x,x,LITTLETON,CO,80121,121587,x
x,x,MOUNTAIN VIEW,CA,94035,98463,x
x,x,NON,OK,,72539,x
x,x,NEW YORK,NY,10015,121110,x
x,x,BOSTON,MA,2127,162626,x
x,x,KANSAS CITY,MO,64101,68116,x
x,x,SAN DIEGO,CA,92101,105233,x
x,x,RALEIGH,NC,27601,99522,x
x,x,SAN BRUNO,CA,94066,99760,x
x,x,ST LOUIS,MO,63117,85444,x
x,x,PALO ALTO,CA,94306,123500,x
x,x,REDWOOD CITY,CA,94061,127548,x
x,x,SAN JOSE,CA,95125,38230,x
x,x,AUSTIN,TX,78722,116828,x
x,x,NEW YORK,NY,10015,80850,x
x,x,DETROIT,MI,48210,120000,x
x,x,CHICAGO,IL,60624,88153,x
x,x,SEVEN CORNERS,VA,,63050,x
x,x,NEW YORK,NY,10015,150000,x
x,x,,NC,,112400,x
x,x,TULSA,OK,74103,82480,x
x,x,,AZ,,,x
x,x,TUCSON,AZ,85735,58692,x
x,x,SEATTLE,WA,98118,90292,x
x,x,CHICAGO,IL,60624,104032,x
x,x,NASHVILLE,TN,37201,56306,x
x,x,,CA,,51204,x
x,x,LOUISVILLE,KY,40290,67500,x
x,x,BOSTON,MA,2127,135930,x
x,x,ROCHESTER,MI,48306,68930,x
x,x,CAMBRIDGE,MA,2238,,x
x,x,WASHINGTON,DC,20435,,x
x,x,,VA,,50911,x
x,x,MORRISVILLE,NC,27560,134475,x
x,x,SILVER SPRING,MD,20906,71090,x
x,x,ANNAPOLIS JUNCTION,MD,,104740,x
x,x,NEW YORK,NY,10015,121110,x
x,x,SACRAMENTO,CA,94203,105233,x
x,x,U S A F ACADEMY,CO,80840,85524,x
x,x,CHICAGO,IL,60624,88153,x
x,x,SAN DIEGO,CA,92119,123500,x
x,x,SUNNYVALE,CA,94085,106610,x
x,x,SANTA MONICA,CA,,,x
x,x,SANTA MARIA,CA,93454,106610,x
x,x,SANTA CLARA,CA,95054,106610,x
x,x,UNION CITY,NJ,7087,99840,x
x,x,NEW YORK,NY,10075,121110,x
x,x,PORTLAND,OR,97209,121950,x
x,x,IRVING,TX,75039,50911,x
x,x,PALO ALTO,CA,94306,89925,x
x,x,SEATTLE,WA,98118,111710,x
x,x,HOFFMAN ESTATES,IL,60179,50911,x
x,x,OXNARD,CA,93030,50911,x
x,x,CARPINTERIA,CA,93013,96073,x
x,x,DETROIT,MI,48201,50911,x
x,x,ALLENTOWN,PA,18101,50911,x
x,x,LITTLE ROCK,AR,72201,89361,x
x,x,INDIANAPOLIS,IN,46201,85907,x
x,x,COLUMBUS,OH,43201,89092,x
x,x,BELLEVUE,WA,98006,50911,x
x,x,AUSTIN,TX,78701,103930,x
x,x,NEW YORK,NY,10015,173446,x
x,x,MONTREAL,QC,,,x
x,x,ARLINGTON,TX,76016,80339,x
x,x,SALT LAKE CITY,UT,84101,47312,x
x,x,SAN DIEGO,CA,92119,106610,x
x,x,IRVINE,CA,92618,50911,x
x,x,PALO ALTO,CA,,89925,x
x,x,SAN FRANCISCO,CA,94121,123500,x
x,x,,CA,,25386,x
x,x,SAN BRUNO,CA,94066,106610,x
x,x,NEW YORK,NY,10015,38047,x
x,x,WICHITA,KS,67201,87570,x
x,x,PLANO,TX,75074,103552,x
x,x,HILLSBORO,OR,97123,121950,x
x,x,INDIANAPOLIS,IN,46202,50911,x
x,x,TAMPA,FL,33607,100508,x
x,x,MENLO PARK,CA,94025,25386,x
x,x,BEAVERTON,OR,97006,87485,x
x,x,SAN FRANCISCO,CA,,99760,x
x,x,SAN JOSE,CA,,82890,x
x,x,LOUISVILLE,KY,40201,73228,x
x,x,AUSTIN,TX,78722,141199,x
x,x,BOSTON,SC,29201,50911,x
x,x,CAMBRIDGE,MA,2140,45433,x
x,x,BOSTON,MA,2111,135930,x
x,x,DUBLIN,CA,94568,106610,x
x,x,LOS ANGELES,CA,90047,106610,x
x,x,SAN FRANCISCO,CA,94105,106610,x
x,x,COLUMBIA,ME,,50911,x
x,x,BENTONVILLE,AR,72712,50911,x
x,x,HERNDON,VA,20171,138750,x
x,x,SAN MATEO,CA,94401,127548,x
x,x,LONGMONT,CO,80503,50911,x
x,x,LAKELAND,FL,33801,149010,x
x,x,SAN BRUNO,CA,94066,,x
x,x,CHARLOTTETOWN,PE,C1C 1N7,93721,x
x,x,ANN ARBOR,MI,48103,93614,x
x,x,VIRGINIA BEACH,VA,23450,89926,x
x,x,ARLINGTON,TX,76001,83345,x
x,x,PLANO,TX,75025,24670,x
x,x,ATLANTA,GA,30318,,x
x,x,NEW YORK,NY,10011,121110,x
x,x,NEW YORK CITY,NY,10011,121110,x
x,x,BURLINGTON,MA,1803,135930,x
x,x,DALLAS,TX,75214,118020,x
x,x,NEW YORK CITY,NY,10004,121110,x
x,x,NEW YORK CITY,NY,10013,121110,x
x,x,CHEVY CHASE,MD,20813,103629,x
x,x,PALO ALTO,CA,94306,106610,x
x,x,DRAPER,UT,84020,50911,x
x,x,NEW YORK,NY,10015,121110,x
x,x,,AZ,,,x
x,x,ALPHARETTA,GA,30005,125890,x
x,x,CHARLOTTE,NC,28269,112400,x
x,x,BENTONVILLE,AR,72712,50911,x
x,x,LOUISVILLE,KY,40266,73136,x
x,x,NEW YORK,NY,10075,,x
x,x,MENLO PARK,CA,94025,127548,x
x,x,INDIANAPOLIS,IN,46201,62531,x
x,x,OKLAHOMA CITY,OK,73101,66159,x
x,x,HOUSTON,TX,77001,83345,x
x,x,SAN JOSE,CA,95101,105233,x
x,x,PLANO,TX,75025,81460,x
x,x,PALO ALTO,CA,94306,140000,x
x,x,PLANO,TX,75025,88373,x
x,x,PLANO,TX,75025,103552,x
x,x,ADDISON,TX,75001,91403,x
x,x,PHILADELPHIA,PA,19109,74321,x
x,x,HAPPY VALLEY,OR,97086,69156,x
x,x,ATLANTA,GA,30301,96186,x
x,x,SANTA CLARA,CA,95054,80861,x
x,x,BOCA RATON,FL,33498,149010,x
x,x,AUSTIN,TX,78701,118020,x
x,x,NEW YORK,NY,10075,151850,x
x,x,ST LOUIS,MO,63117,85444,x
x,x,CHEVY CHASE,MD,20825,106219,x
x,x,SANTA CLARA,CA,95054,81358,x
x,x,AMBLER,PA,19002,,x
x,x,MORRISVILLE,NC,27560,134475,x
x,x,BRIDGEPORT,CT,6604,50911,x
x,x,CHARLOTTE,NC,28202,50911,x
x,x,PROVIDENCE,RI,2903,50911,x
x,x,SAN DIEGO,CA,92101,113432,x
x,x,WORCESTER,MA,1602,110367,x
x,x,YOUNGSTOWN,OH,44502,89092,x
x,x,PROVO,UT,84601,94791,x
x,x,NEW YORK,NY,10015,97774,x
x,x,KANSAS CITY,MO,64138,85444,x
x,x,,CA,,106610,x
x,x,SAN FRANCISCO,CA,94121,105120,x
x,x,SPRINGFIELD,VA,,63050,x
x,x,MCLEAN,VA,,114247,x
x,x,SEATTLE,WA,98116,81495,x
x,x,BALTIMORE,MD,21218,106219,x
x,x,SEATTLE,WA,98118,111710,x
x,x,GROTON,CT,6349,100499,x
x,x,ROSELAND,NJ,7068,84565,x
x,x,WASHINGTON,DC,20404,121920,x
x,x,MENLO PARK,CA,94025,136291,x
x,x,MOUNTAIN VIEW,CA,94041,105233,x
x,x,SAN FRANCISCO,CA,94121,89925,x
x,x,REDMOND,WA,98053,111710,x
x,x,COLUMBIA,ME,,77546,x
x,x,SARTELL,MN,56377,172880,x
x,x,SAN FRANCISCO,CA,94121,106610,x
x,x,SAN FRANCISCO,CA,94121,123500,x
x,x,BELLEVUE,WA,98006,90630,x
x,x,REDMOND,WA,98053,64670,x
x,x,,MD,,123170,x
x,x,RIVERDALE,MD,,71090,x
x,x,SEATTLE,WA,98118,111710,x
x,x,NEW YORK CITY,NY,10016,100950,x
x,x,,CA,,95150,x
x,x,LITTLETON,MA,1460,135930,x
x,x,SALT LAKE CITY,UT,84133,108650,x
x,x,PALO ALTO,CA,,89925,x
x,x,SAN FRANCISCO,CA,,110856,x
x,x,,CA,,105120,x
x,x,NEW YORK,NY,10015,111174,x
x,x,CHEVY CHASE,MD,20813,106219,x
x,x,NEW YORK,NY,10015,144895,x
x,x,BRISBANE,CA,94005,106610,x
x,x,MURRAY,UT,,42239,x
x,x,NEW YORK CITY,NY,10001,87270,x
x,x,PALO ALTO,CA,94306,106610,x
x,x,SAN FRANCISCO,CA,94112,127548,x
x,x,BOSTON,MA,2127,110367,x
x,x,CAMBRIDGE,MA,2238,,x
x,x,HOUSTON,TX,77008,166410,x
x,x,REDMOND,WA,98053,111710,x
x,x,SEATTLE,WA,98101,111710,x
x,x,ST LOUIS,MO,63105,68116,x
x,x,LONGMONT,CO,80503,50911,x
x,x,SAN FRANCISCO,CA,94121,106610,x
x,x,COLUMBUS,OH,43085,77926,x
x,x,SAN FRANCISCO,CA,94101,105120,x
x,x,REDMOND,WA,98053,90630,x
x,x,RALEIGH,NC,27604,112400,x
x,x,NEW YORK,NY,10015,50911,x
x,x,SAN ANTONIO,TX,78207,118020,x
x,x,SEATTLE,WA,98118,90630,x
x,x,SAN FRANCISCO,CA,,106610,x
x,x,DALLAS,TX,75214,81460,x
x,x,ENGLEWOOD,CO,80111,93136,x
x,x,BENTONVILLE,AR,72712,50911,x
x,x,NEW YORK,NY,10015,121110,x
x,x,MORRISVILLE,NC,27560,57116,x
x,x,PLANO,TX,75025,103552,x
x,x,SAN FRANCISCO,CA,94121,106610,x
x,x,SAN DIEGO,CA,92119,,x
x,x,SAN BRUNO,CA,94066,106610,x
x,x,SANTA CLARA,CA,95054,81358,x
x,x,MOUNTAIN VIEW,CA,94040,99760,x
x,x,CARPINTERIA,CA,93013,96073,x
x,x,SAN FRANCISCO,CA,94104,38860,x
x,x,PORTOLA VALLEY,CA,94028,106610,x
x,x,NEW YORK,NY,10015,121110,x
x,x,DALLAS,TX,75214,29740,x
x,x,BALTIMORE,MD,21218,106219,x
x,x,KANSAS CITY,MO,64138,,x
x,x,VIENNA,VA,22185,50911,x
x,x,CLEMSON,SC,29632,77184,x
x,x,ENGLEWOOD,CO,80111,66860,x
x,x,PALM BAY,FL,32905,50911,x
x,x,HOUSTON,TX,77002,103930,x
x,x,CLEMSON,SC,29632,77184,x
x,x,CUPERTINO,CA,95014,164041,x
x,x,MOUNT RAINIER,MD,20712,71090,x
x,x,COLUMBIA,MD,21046,123170,x
x,x,TUCSON,AZ,85701,83777,x
x,x,PALO ALTO,CA,94306,,x
x,x,WESTPORT,CT,6880,79460,x
x,x,CHARLOTTESVILLE,VA,22903,81310,x
x,x,SAINT LOUIS,MO,63102,68116,x
x,x,PLANO,TX,75025,88373,x
x,x,SAN JOSE,CA,95101,106610,x
x,x,PALO ALTO,CA,94306,50911,x
x,x,,MA,,129785,x
x,x,ENGLEWOOD,CO,80111,50911,x
x,x,PLANO,TX,75025,103552,x
x,x,SAN FRANCISCO,CA,94121,106610,x
x,x,MENLO PARK,CA,94025,136291,x
x,x,SAN BRUNO,CA,94066,106610,x
x,x,SAN BRUNO,CA,94066,,x
